pattern,algo,k,seed,n,faults,hits,fault_rate,hit_ratio,compulsory
Sequential-20,FIFO,3,0,1000,1000,0,1.0,0.0,20
Sequential-20,LRU,3,0,1000,1000,0,1.0,0.0,20
Sequential-20,OPT,3,0,1000,896,104,0.896,0.104,20
Sequential-20,FIFO,4,0,1000,1000,0,1.0,0.0,20
Sequential-20,LRU,4,0,1000,1000,0,1.0,0.0,20
Sequential-20,OPT,4,0,1000,844,156,0.844,0.156,20
Sequential-20,FIFO,5,0,1000,1000,0,1.0,0.0,20
Sequential-20,LRU,5,0,1000,1000,0,1.0,0.0,20
Sequential-20,OPT,5,0,1000,792,208,0.792,0.208,20
Sequential-20,FIFO,6,0,1000,1000,0,1.0,0.0,20
Sequential-20,LRU,6,0,1000,1000,0,1.0,0.0,20
Sequential-20,OPT,6,0,1000,740,260,0.74,0.26,20
Sequential-20,FIFO,7,0,1000,1000,0,1.0,0.0,20
Sequential-20,LRU,7,0,1000,1000,0,1.0,0.0,20
Sequential-20,OPT,7,0,1000,688,312,0.688,0.312,20
Sequential-20,FIFO,8,0,1000,1000,0,1.0,0.0,20
Sequential-20,LRU,8,0,1000,1000,0,1.0,0.0,20
Sequential-20,OPT,8,0,1000,636,364,0.636,0.364,20
Sequential-20,FIFO,10,0,1000,1000,0,1.0,0.0,20
Sequential-20,LRU,10,0,1000,1000,0,1.0,0.0,20
Sequential-20,OPT,10,0,1000,532,468,0.532,0.468,20
Sequential-20,FIFO,12,0,1000,1000,0,1.0,0.0,20
Sequential-20,LRU,12,0,1000,1000,0,1.0,0.0,20
Sequential-20,OPT,12,0,1000,428,572,0.428,0.572,20
Loop-8,FIFO,3,0,1000,1000,0,1.0,0.0,8
Loop-8,LRU,3,0,1000,1000,0,1.0,0.0,8
Loop-8,OPT,3,0,1000,716,284,0.716,0.284,8
Loop-8,FIFO,4,0,1000,1000,0,1.0,0.0,8
Loop-8,LRU,4,0,1000,1000,0,1.0,0.0,8
Loop-8,OPT,4,0,1000,574,426,0.574,0.426,8
Loop-8,FIFO,5,0,1000,1000,0,1.0,0.0,8
Loop-8,LRU,5,0,1000,1000,0,1.0,0.0,8
Loop-8,OPT,5,0,1000,432,568,0.432,0.568,8
Loop-8,FIFO,6,0,1000,1000,0,1.0,0.0,8
Loop-8,LRU,6,0,1000,1000,0,1.0,0.0,8
Loop-8,OPT,6,0,1000,290,710,0.29,0.71,8
Loop-8,FIFO,7,0,1000,1000,0,1.0,0.0,8
Loop-8,LRU,7,0,1000,1000,0,1.0,0.0,8
Loop-8,OPT,7,0,1000,149,851,0.149,0.851,8
Loop-8,FIFO,8,0,1000,8,992,0.008,0.992,8
Loop-8,LRU,8,0,1000,8,992,0.008,0.992,8
Loop-8,OPT,8,0,1000,8,992,0.008,0.992,8
Loop-8,FIFO,10,0,1000,8,992,0.008,0.992,8
Loop-8,LRU,10,0,1000,8,992,0.008,0.992,8
Loop-8,OPT,10,0,1000,8,992,0.008,0.992,8
Loop-8,FIFO,12,0,1000,8,992,0.008,0.992,8
Loop-8,LRU,12,0,1000,8,992,0.008,0.992,8
Loop-8,OPT,12,0,1000,8,992,0.008,0.992,8
Uniform-Random,FIFO,3,1,1000,843,157,0.843,0.157,20
Uniform-Random,LRU,3,1,1000,842,158,0.842,0.158,20
Uniform-Random,OPT,3,1,1000,647,353,0.647,0.353,20
Uniform-Random,FIFO,4,1,1000,798,202,0.798,0.202,20
Uniform-Random,LRU,4,1,1000,798,202,0.798,0.202,20
Uniform-Random,OPT,4,1,1000,560,440,0.56,0.44,20
Uniform-Random,FIFO,5,1,1000,745,255,0.745,0.255,20
Uniform-Random,LRU,5,1,1000,747,253,0.747,0.253,20
Uniform-Random,OPT,5,1,1000,488,512,0.488,0.512,20
Uniform-Random,FIFO,6,1,1000,693,307,0.693,0.307,20
Uniform-Random,LRU,6,1,1000,696,304,0.696,0.304,20
Uniform-Random,OPT,6,1,1000,427,573,0.427,0.573,20
Uniform-Random,FIFO,7,1,1000,637,363,0.637,0.363,20
Uniform-Random,LRU,7,1,1000,637,363,0.637,0.363,20
Uniform-Random,OPT,7,1,1000,371,629,0.371,0.629,20
Uniform-Random,FIFO,8,1,1000,592,408,0.592,0.408,20
Uniform-Random,LRU,8,1,1000,598,402,0.598,0.402,20
Uniform-Random,OPT,8,1,1000,326,674,0.326,0.674,20
Uniform-Random,FIFO,10,1,1000,519,481,0.519,0.481,20
Uniform-Random,LRU,10,1,1000,495,505,0.495,0.505,20
Uniform-Random,OPT,10,1,1000,248,752,0.248,0.752,20
Uniform-Random,FIFO,12,1,1000,393,607,0.393,0.607,20
Uniform-Random,LRU,12,1,1000,405,595,0.405,0.595,20
Uniform-Random,OPT,12,1,1000,182,818,0.182,0.818,20
Uniform-Random,FIFO,3,2,1000,854,146,0.854,0.146,20
Uniform-Random,LRU,3,2,1000,855,145,0.855,0.145,20
Uniform-Random,OPT,3,2,1000,656,344,0.656,0.344,20
Uniform-Random,FIFO,4,2,1000,799,201,0.799,0.201,20
Uniform-Random,LRU,4,2,1000,797,203,0.797,0.203,20
Uniform-Random,OPT,4,2,1000,563,437,0.563,0.437,20
Uniform-Random,FIFO,5,2,1000,743,257,0.743,0.257,20
Uniform-Random,LRU,5,2,1000,753,247,0.753,0.247,20
Uniform-Random,OPT,5,2,1000,492,508,0.492,0.508,20
Uniform-Random,FIFO,6,2,1000,695,305,0.695,0.305,20
Uniform-Random,LRU,6,2,1000,692,308,0.692,0.308,20
Uniform-Random,OPT,6,2,1000,427,573,0.427,0.573,20
Uniform-Random,FIFO,7,2,1000,650,350,0.65,0.35,20
Uniform-Random,LRU,7,2,1000,647,353,0.647,0.353,20
Uniform-Random,OPT,7,2,1000,372,628,0.372,0.628,20
Uniform-Random,FIFO,8,2,1000,584,416,0.584,0.416,20
Uniform-Random,LRU,8,2,1000,591,409,0.591,0.409,20
Uniform-Random,OPT,8,2,1000,323,677,0.323,0.677,20
Uniform-Random,FIFO,10,2,1000,505,495,0.505,0.495,20
Uniform-Random,LRU,10,2,1000,491,509,0.491,0.509,20
Uniform-Random,OPT,10,2,1000,245,755,0.245,0.755,20
Uniform-Random,FIFO,12,2,1000,399,601,0.399,0.601,20
Uniform-Random,LRU,12,2,1000,385,615,0.385,0.615,20
Uniform-Random,OPT,12,2,1000,178,822,0.178,0.822,20
Uniform-Random,FIFO,3,3,1000,854,146,0.854,0.146,20
Uniform-Random,LRU,3,3,1000,851,149,0.851,0.149,20
Uniform-Random,OPT,3,3,1000,643,357,0.643,0.357,20
Uniform-Random,FIFO,4,3,1000,802,198,0.802,0.198,20
Uniform-Random,LRU,4,3,1000,801,199,0.801,0.199,20
Uniform-Random,OPT,4,3,1000,557,443,0.557,0.443,20
Uniform-Random,FIFO,5,3,1000,756,244,0.756,0.244,20
Uniform-Random,LRU,5,3,1000,754,246,0.754,0.246,20
Uniform-Random,OPT,5,3,1000,486,514,0.486,0.514,20
Uniform-Random,FIFO,6,3,1000,718,282,0.718,0.282,20
Uniform-Random,LRU,6,3,1000,705,295,0.705,0.295,20
Uniform-Random,OPT,6,3,1000,431,569,0.431,0.569,20
Uniform-Random,FIFO,7,3,1000,659,341,0.659,0.341,20
Uniform-Random,LRU,7,3,1000,660,340,0.66,0.34,20
Uniform-Random,OPT,7,3,1000,382,618,0.382,0.618,20
Uniform-Random,FIFO,8,3,1000,609,391,0.609,0.391,20
Uniform-Random,LRU,8,3,1000,606,394,0.606,0.394,20
Uniform-Random,OPT,8,3,1000,335,665,0.335,0.665,20
Uniform-Random,FIFO,10,3,1000,492,508,0.492,0.508,20
Uniform-Random,LRU,10,3,1000,507,493,0.507,0.493,20
Uniform-Random,OPT,10,3,1000,253,747,0.253,0.747,20
Uniform-Random,FIFO,12,3,1000,411,589,0.411,0.589,20
Uniform-Random,LRU,12,3,1000,410,590,0.41,0.59,20
Uniform-Random,OPT,12,3,1000,187,813,0.187,0.813,20
Uniform-Random,FIFO,3,4,1000,828,172,0.828,0.172,20
Uniform-Random,LRU,3,4,1000,826,174,0.826,0.174,20
Uniform-Random,OPT,3,4,1000,643,357,0.643,0.357,20
Uniform-Random,FIFO,4,4,1000,794,206,0.794,0.206,20
Uniform-Random,LRU,4,4,1000,794,206,0.794,0.206,20
Uniform-Random,OPT,4,4,1000,550,450,0.55,0.45,20
Uniform-Random,FIFO,5,4,1000,745,255,0.745,0.255,20
Uniform-Random,LRU,5,4,1000,738,262,0.738,0.262,20
Uniform-Random,OPT,5,4,1000,475,525,0.475,0.525,20
Uniform-Random,FIFO,6,4,1000,699,301,0.699,0.301,20
Uniform-Random,LRU,6,4,1000,694,306,0.694,0.306,20
Uniform-Random,OPT,6,4,1000,415,585,0.415,0.585,20
Uniform-Random,FIFO,7,4,1000,641,359,0.641,0.359,20
Uniform-Random,LRU,7,4,1000,646,354,0.646,0.354,20
Uniform-Random,OPT,7,4,1000,360,640,0.36,0.64,20
Uniform-Random,FIFO,8,4,1000,595,405,0.595,0.405,20
Uniform-Random,LRU,8,4,1000,596,404,0.596,0.404,20
Uniform-Random,OPT,8,4,1000,309,691,0.309,0.691,20
Uniform-Random,FIFO,10,4,1000,487,513,0.487,0.513,20
Uniform-Random,LRU,10,4,1000,491,509,0.491,0.509,20
Uniform-Random,OPT,10,4,1000,231,769,0.231,0.769,20
Uniform-Random,FIFO,12,4,1000,371,629,0.371,0.629,20
Uniform-Random,LRU,12,4,1000,385,615,0.385,0.615,20
Uniform-Random,OPT,12,4,1000,168,832,0.168,0.832,20
Uniform-Random,FIFO,3,5,1000,853,147,0.853,0.147,20
Uniform-Random,LRU,3,5,1000,858,142,0.858,0.142,20
Uniform-Random,OPT,3,5,1000,650,350,0.65,0.35,20
Uniform-Random,FIFO,4,5,1000,817,183,0.817,0.183,20
Uniform-Random,LRU,4,5,1000,811,189,0.811,0.189,20
Uniform-Random,OPT,4,5,1000,567,433,0.567,0.433,20
Uniform-Random,FIFO,5,5,1000,767,233,0.767,0.233,20
Uniform-Random,LRU,5,5,1000,765,235,0.765,0.235,20
Uniform-Random,OPT,5,5,1000,496,504,0.496,0.504,20
Uniform-Random,FIFO,6,5,1000,712,288,0.712,0.288,20
Uniform-Random,LRU,6,5,1000,707,293,0.707,0.293,20
Uniform-Random,OPT,6,5,1000,435,565,0.435,0.565,20
Uniform-Random,FIFO,7,5,1000,671,329,0.671,0.329,20
Uniform-Random,LRU,7,5,1000,661,339,0.661,0.339,20
Uniform-Random,OPT,7,5,1000,383,617,0.383,0.617,20
Uniform-Random,FIFO,8,5,1000,624,376,0.624,0.376,20
Uniform-Random,LRU,8,5,1000,616,384,0.616,0.384,20
Uniform-Random,OPT,8,5,1000,335,665,0.335,0.665,20
Uniform-Random,FIFO,10,5,1000,509,491,0.509,0.491,20
Uniform-Random,LRU,10,5,1000,517,483,0.517,0.483,20
Uniform-Random,OPT,10,5,1000,254,746,0.254,0.746,20
Uniform-Random,FIFO,12,5,1000,412,588,0.412,0.588,20
Uniform-Random,LRU,12,5,1000,406,594,0.406,0.594,20
Uniform-Random,OPT,12,5,1000,186,814,0.186,0.814,20
Uniform-Random,FIFO,3,6,1000,844,156,0.844,0.156,20
Uniform-Random,LRU,3,6,1000,841,159,0.841,0.159,20
Uniform-Random,OPT,3,6,1000,645,355,0.645,0.355,20
Uniform-Random,FIFO,4,6,1000,787,213,0.787,0.213,20
Uniform-Random,LRU,4,6,1000,787,213,0.787,0.213,20
Uniform-Random,OPT,4,6,1000,558,442,0.558,0.442,20
Uniform-Random,FIFO,5,6,1000,738,262,0.738,0.262,20
Uniform-Random,LRU,5,6,1000,736,264,0.736,0.264,20
Uniform-Random,OPT,5,6,1000,484,516,0.484,0.516,20
Uniform-Random,FIFO,6,6,1000,696,304,0.696,0.304,20
Uniform-Random,LRU,6,6,1000,689,311,0.689,0.311,20
Uniform-Random,OPT,6,6,1000,422,578,0.422,0.578,20
Uniform-Random,FIFO,7,6,1000,645,355,0.645,0.355,20
Uniform-Random,LRU,7,6,1000,642,358,0.642,0.358,20
Uniform-Random,OPT,7,6,1000,369,631,0.369,0.631,20
Uniform-Random,FIFO,8,6,1000,590,410,0.59,0.41,20
Uniform-Random,LRU,8,6,1000,591,409,0.591,0.409,20
Uniform-Random,OPT,8,6,1000,323,677,0.323,0.677,20
Uniform-Random,FIFO,10,6,1000,486,514,0.486,0.514,20
Uniform-Random,LRU,10,6,1000,484,516,0.484,0.516,20
Uniform-Random,OPT,10,6,1000,243,757,0.243,0.757,20
Uniform-Random,FIFO,12,6,1000,403,597,0.403,0.597,20
Uniform-Random,LRU,12,6,1000,384,616,0.384,0.616,20
Uniform-Random,OPT,12,6,1000,179,821,0.179,0.821,20
Uniform-Random,FIFO,3,7,1000,837,163,0.837,0.163,20
Uniform-Random,LRU,3,7,1000,838,162,0.838,0.162,20
Uniform-Random,OPT,3,7,1000,639,361,0.639,0.361,20
Uniform-Random,FIFO,4,7,1000,784,216,0.784,0.216,20
Uniform-Random,LRU,4,7,1000,785,215,0.785,0.215,20
Uniform-Random,OPT,4,7,1000,546,454,0.546,0.454,20
Uniform-Random,FIFO,5,7,1000,735,265,0.735,0.265,20
Uniform-Random,LRU,5,7,1000,734,266,0.734,0.266,20
Uniform-Random,OPT,5,7,1000,475,525,0.475,0.525,20
Uniform-Random,FIFO,6,7,1000,688,312,0.688,0.312,20
Uniform-Random,LRU,6,7,1000,680,320,0.68,0.32,20
Uniform-Random,OPT,6,7,1000,416,584,0.416,0.584,20
Uniform-Random,FIFO,7,7,1000,633,367,0.633,0.367,20
Uniform-Random,LRU,7,7,1000,623,377,0.623,0.377,20
Uniform-Random,OPT,7,7,1000,363,637,0.363,0.637,20
Uniform-Random,FIFO,8,7,1000,573,427,0.573,0.427,20
Uniform-Random,LRU,8,7,1000,571,429,0.571,0.429,20
Uniform-Random,OPT,8,7,1000,314,686,0.314,0.686,20
Uniform-Random,FIFO,10,7,1000,469,531,0.469,0.531,20
Uniform-Random,LRU,10,7,1000,463,537,0.463,0.537,20
Uniform-Random,OPT,10,7,1000,229,771,0.229,0.771,20
Uniform-Random,FIFO,12,7,1000,378,622,0.378,0.622,20
Uniform-Random,LRU,12,7,1000,378,622,0.378,0.622,20
Uniform-Random,OPT,12,7,1000,163,837,0.163,0.837,20
Uniform-Random,FIFO,3,8,1000,851,149,0.851,0.149,20
Uniform-Random,LRU,3,8,1000,849,151,0.849,0.151,20
Uniform-Random,OPT,3,8,1000,645,355,0.645,0.355,20
Uniform-Random,FIFO,4,8,1000,811,189,0.811,0.189,20
Uniform-Random,LRU,4,8,1000,797,203,0.797,0.203,20
Uniform-Random,OPT,4,8,1000,559,441,0.559,0.441,20
Uniform-Random,FIFO,5,8,1000,761,239,0.761,0.239,20
Uniform-Random,LRU,5,8,1000,753,247,0.753,0.247,20
Uniform-Random,OPT,5,8,1000,484,516,0.484,0.516,20
Uniform-Random,FIFO,6,8,1000,691,309,0.691,0.309,20
Uniform-Random,LRU,6,8,1000,691,309,0.691,0.309,20
Uniform-Random,OPT,6,8,1000,422,578,0.422,0.578,20
Uniform-Random,FIFO,7,8,1000,642,358,0.642,0.358,20
Uniform-Random,LRU,7,8,1000,630,370,0.63,0.37,20
Uniform-Random,OPT,7,8,1000,364,636,0.364,0.636,20
Uniform-Random,FIFO,8,8,1000,603,397,0.603,0.397,20
Uniform-Random,LRU,8,8,1000,582,418,0.582,0.418,20
Uniform-Random,OPT,8,8,1000,314,686,0.314,0.686,20
Uniform-Random,FIFO,10,8,1000,487,513,0.487,0.513,20
Uniform-Random,LRU,10,8,1000,484,516,0.484,0.516,20
Uniform-Random,OPT,10,8,1000,234,766,0.234,0.766,20
Uniform-Random,FIFO,12,8,1000,365,635,0.365,0.635,20
Uniform-Random,LRU,12,8,1000,385,615,0.385,0.615,20
Uniform-Random,OPT,12,8,1000,174,826,0.174,0.826,20
Uniform-Random,FIFO,3,9,1000,847,153,0.847,0.153,20
Uniform-Random,LRU,3,9,1000,842,158,0.842,0.158,20
Uniform-Random,OPT,3,9,1000,640,360,0.64,0.36,20
Uniform-Random,FIFO,4,9,1000,792,208,0.792,0.208,20
Uniform-Random,LRU,4,9,1000,790,210,0.79,0.21,20
Uniform-Random,OPT,4,9,1000,547,453,0.547,0.453,20
Uniform-Random,FIFO,5,9,1000,736,264,0.736,0.264,20
Uniform-Random,LRU,5,9,1000,740,260,0.74,0.26,20
Uniform-Random,OPT,5,9,1000,478,522,0.478,0.522,20
Uniform-Random,FIFO,6,9,1000,684,316,0.684,0.316,20
Uniform-Random,LRU,6,9,1000,689,311,0.689,0.311,20
Uniform-Random,OPT,6,9,1000,420,580,0.42,0.58,20
Uniform-Random,FIFO,7,9,1000,645,355,0.645,0.355,20
Uniform-Random,LRU,7,9,1000,626,374,0.626,0.374,20
Uniform-Random,OPT,7,9,1000,370,630,0.37,0.63,20
Uniform-Random,FIFO,8,9,1000,590,410,0.59,0.41,20
Uniform-Random,LRU,8,9,1000,586,414,0.586,0.414,20
Uniform-Random,OPT,8,9,1000,323,677,0.323,0.677,20
Uniform-Random,FIFO,10,9,1000,479,521,0.479,0.521,20
Uniform-Random,LRU,10,9,1000,496,504,0.496,0.504,20
Uniform-Random,OPT,10,9,1000,245,755,0.245,0.755,20
Uniform-Random,FIFO,12,9,1000,401,599,0.401,0.599,20
Uniform-Random,LRU,12,9,1000,397,603,0.397,0.603,20
Uniform-Random,OPT,12,9,1000,183,817,0.183,0.817,20
Uniform-Random,FIFO,3,10,1000,843,157,0.843,0.157,20
Uniform-Random,LRU,3,10,1000,853,147,0.853,0.147,20
Uniform-Random,OPT,3,10,1000,651,349,0.651,0.349,20
Uniform-Random,FIFO,4,10,1000,800,200,0.8,0.2,20
Uniform-Random,LRU,4,10,1000,801,199,0.801,0.199,20
Uniform-Random,OPT,4,10,1000,566,434,0.566,0.434,20
Uniform-Random,FIFO,5,10,1000,749,251,0.749,0.251,20
Uniform-Random,LRU,5,10,1000,736,264,0.736,0.264,20
Uniform-Random,OPT,5,10,1000,496,504,0.496,0.504,20
Uniform-Random,FIFO,6,10,1000,703,297,0.703,0.297,20
Uniform-Random,LRU,6,10,1000,689,311,0.689,0.311,20
Uniform-Random,OPT,6,10,1000,434,566,0.434,0.566,20
Uniform-Random,FIFO,7,10,1000,657,343,0.657,0.343,20
Uniform-Random,LRU,7,10,1000,654,346,0.654,0.346,20
Uniform-Random,OPT,7,10,1000,380,620,0.38,0.62,20
Uniform-Random,FIFO,8,10,1000,607,393,0.607,0.393,20
Uniform-Random,LRU,8,10,1000,607,393,0.607,0.393,20
Uniform-Random,OPT,8,10,1000,331,669,0.331,0.669,20
Uniform-Random,FIFO,10,10,1000,493,507,0.493,0.507,20
Uniform-Random,LRU,10,10,1000,504,496,0.504,0.496,20
Uniform-Random,OPT,10,10,1000,251,749,0.251,0.749,20
Uniform-Random,FIFO,12,10,1000,389,611,0.389,0.611,20
Uniform-Random,LRU,12,10,1000,410,590,0.41,0.59,20
Uniform-Random,OPT,12,10,1000,187,813,0.187,0.813,20
Uniform-Random,FIFO,3,11,1000,840,160,0.84,0.16,20
Uniform-Random,LRU,3,11,1000,850,150,0.85,0.15,20
Uniform-Random,OPT,3,11,1000,648,352,0.648,0.352,20
Uniform-Random,FIFO,4,11,1000,797,203,0.797,0.203,20
Uniform-Random,LRU,4,11,1000,795,205,0.795,0.205,20
Uniform-Random,OPT,4,11,1000,561,439,0.561,0.439,20
Uniform-Random,FIFO,5,11,1000,746,254,0.746,0.254,20
Uniform-Random,LRU,5,11,1000,751,249,0.751,0.249,20
Uniform-Random,OPT,5,11,1000,487,513,0.487,0.513,20
Uniform-Random,FIFO,6,11,1000,709,291,0.709,0.291,20
Uniform-Random,LRU,6,11,1000,709,291,0.709,0.291,20
Uniform-Random,OPT,6,11,1000,426,574,0.426,0.574,20
Uniform-Random,FIFO,7,11,1000,653,347,0.653,0.347,20
Uniform-Random,LRU,7,11,1000,651,349,0.651,0.349,20
Uniform-Random,OPT,7,11,1000,374,626,0.374,0.626,20
Uniform-Random,FIFO,8,11,1000,578,422,0.578,0.422,20
Uniform-Random,LRU,8,11,1000,606,394,0.606,0.394,20
Uniform-Random,OPT,8,11,1000,329,671,0.329,0.671,20
Uniform-Random,FIFO,10,11,1000,508,492,0.508,0.492,20
Uniform-Random,LRU,10,11,1000,504,496,0.504,0.496,20
Uniform-Random,OPT,10,11,1000,248,752,0.248,0.752,20
Uniform-Random,FIFO,12,11,1000,397,603,0.397,0.603,20
Uniform-Random,LRU,12,11,1000,409,591,0.409,0.591,20
Uniform-Random,OPT,12,11,1000,184,816,0.184,0.816,20
Uniform-Random,FIFO,3,12,1000,856,144,0.856,0.144,20
Uniform-Random,LRU,3,12,1000,853,147,0.853,0.147,20
Uniform-Random,OPT,3,12,1000,644,356,0.644,0.356,20
Uniform-Random,FIFO,4,12,1000,804,196,0.804,0.196,20
Uniform-Random,LRU,4,12,1000,802,198,0.802,0.198,20
Uniform-Random,OPT,4,12,1000,557,443,0.557,0.443,20
Uniform-Random,FIFO,5,12,1000,747,253,0.747,0.253,20
Uniform-Random,LRU,5,12,1000,745,255,0.745,0.255,20
Uniform-Random,OPT,5,12,1000,487,513,0.487,0.513,20
Uniform-Random,FIFO,6,12,1000,711,289,0.711,0.289,20
Uniform-Random,LRU,6,12,1000,701,299,0.701,0.299,20
Uniform-Random,OPT,6,12,1000,427,573,0.427,0.573,20
Uniform-Random,FIFO,7,12,1000,646,354,0.646,0.354,20
Uniform-Random,LRU,7,12,1000,650,350,0.65,0.35,20
Uniform-Random,OPT,7,12,1000,373,627,0.373,0.627,20
Uniform-Random,FIFO,8,12,1000,586,414,0.586,0.414,20
Uniform-Random,LRU,8,12,1000,598,402,0.598,0.402,20
Uniform-Random,OPT,8,12,1000,327,673,0.327,0.673,20
Uniform-Random,FIFO,10,12,1000,490,510,0.49,0.51,20
Uniform-Random,LRU,10,12,1000,495,505,0.495,0.505,20
Uniform-Random,OPT,10,12,1000,246,754,0.246,0.754,20
Uniform-Random,FIFO,12,12,1000,395,605,0.395,0.605,20
Uniform-Random,LRU,12,12,1000,397,603,0.397,0.603,20
Uniform-Random,OPT,12,12,1000,180,820,0.18,0.82,20
Uniform-Random,FIFO,3,13,1000,851,149,0.851,0.149,20
Uniform-Random,LRU,3,13,1000,852,148,0.852,0.148,20
Uniform-Random,OPT,3,13,1000,659,341,0.659,0.341,20
Uniform-Random,FIFO,4,13,1000,806,194,0.806,0.194,20
Uniform-Random,LRU,4,13,1000,809,191,0.809,0.191,20
Uniform-Random,OPT,4,13,1000,571,429,0.571,0.429,20
Uniform-Random,FIFO,5,13,1000,759,241,0.759,0.241,20
Uniform-Random,LRU,5,13,1000,758,242,0.758,0.242,20
Uniform-Random,OPT,5,13,1000,495,505,0.495,0.505,20
Uniform-Random,FIFO,6,13,1000,719,281,0.719,0.281,20
Uniform-Random,LRU,6,13,1000,717,283,0.717,0.283,20
Uniform-Random,OPT,6,13,1000,432,568,0.432,0.568,20
Uniform-Random,FIFO,7,13,1000,674,326,0.674,0.326,20
Uniform-Random,LRU,7,13,1000,670,330,0.67,0.33,20
Uniform-Random,OPT,7,13,1000,381,619,0.381,0.619,20
Uniform-Random,FIFO,8,13,1000,632,368,0.632,0.368,20
Uniform-Random,LRU,8,13,1000,626,374,0.626,0.374,20
Uniform-Random,OPT,8,13,1000,334,666,0.334,0.666,20
Uniform-Random,FIFO,10,13,1000,518,482,0.518,0.482,20
Uniform-Random,LRU,10,13,1000,517,483,0.517,0.483,20
Uniform-Random,OPT,10,13,1000,254,746,0.254,0.746,20
Uniform-Random,FIFO,12,13,1000,410,590,0.41,0.59,20
Uniform-Random,LRU,12,13,1000,407,593,0.407,0.593,20
Uniform-Random,OPT,12,13,1000,188,812,0.188,0.812,20
Uniform-Random,FIFO,3,14,1000,842,158,0.842,0.158,20
Uniform-Random,LRU,3,14,1000,849,151,0.849,0.151,20
Uniform-Random,OPT,3,14,1000,644,356,0.644,0.356,20
Uniform-Random,FIFO,4,14,1000,798,202,0.798,0.202,20
Uniform-Random,LRU,4,14,1000,797,203,0.797,0.203,20
Uniform-Random,OPT,4,14,1000,555,445,0.555,0.445,20
Uniform-Random,FIFO,5,14,1000,756,244,0.756,0.244,20
Uniform-Random,LRU,5,14,1000,745,255,0.745,0.255,20
Uniform-Random,OPT,5,14,1000,479,521,0.479,0.521,20
Uniform-Random,FIFO,6,14,1000,700,300,0.7,0.3,20
Uniform-Random,LRU,6,14,1000,691,309,0.691,0.309,20
Uniform-Random,OPT,6,14,1000,417,583,0.417,0.583,20
Uniform-Random,FIFO,7,14,1000,630,370,0.63,0.37,20
Uniform-Random,LRU,7,14,1000,638,362,0.638,0.362,20
Uniform-Random,OPT,7,14,1000,367,633,0.367,0.633,20
Uniform-Random,FIFO,8,14,1000,591,409,0.591,0.409,20
Uniform-Random,LRU,8,14,1000,583,417,0.583,0.417,20
Uniform-Random,OPT,8,14,1000,320,680,0.32,0.68,20
Uniform-Random,FIFO,10,14,1000,500,500,0.5,0.5,20
Uniform-Random,LRU,10,14,1000,481,519,0.481,0.519,20
Uniform-Random,OPT,10,14,1000,237,763,0.237,0.763,20
Uniform-Random,FIFO,12,14,1000,355,645,0.355,0.645,20
Uniform-Random,LRU,12,14,1000,387,613,0.387,0.613,20
Uniform-Random,OPT,12,14,1000,170,830,0.17,0.83,20
Uniform-Random,FIFO,3,15,1000,846,154,0.846,0.154,20
Uniform-Random,LRU,3,15,1000,843,157,0.843,0.157,20
Uniform-Random,OPT,3,15,1000,637,363,0.637,0.363,20
Uniform-Random,FIFO,4,15,1000,782,218,0.782,0.218,20
Uniform-Random,LRU,4,15,1000,782,218,0.782,0.218,20
Uniform-Random,OPT,4,15,1000,551,449,0.551,0.449,20
Uniform-Random,FIFO,5,15,1000,728,272,0.728,0.272,20
Uniform-Random,LRU,5,15,1000,727,273,0.727,0.273,20
Uniform-Random,OPT,5,15,1000,485,515,0.485,0.515,20
Uniform-Random,FIFO,6,15,1000,683,317,0.683,0.317,20
Uniform-Random,LRU,6,15,1000,685,315,0.685,0.315,20
Uniform-Random,OPT,6,15,1000,424,576,0.424,0.576,20
Uniform-Random,FIFO,7,15,1000,643,357,0.643,0.357,20
Uniform-Random,LRU,7,15,1000,645,355,0.645,0.355,20
Uniform-Random,OPT,7,15,1000,371,629,0.371,0.629,20
Uniform-Random,FIFO,8,15,1000,604,396,0.604,0.396,20
Uniform-Random,LRU,8,15,1000,594,406,0.594,0.406,20
Uniform-Random,OPT,8,15,1000,323,677,0.323,0.677,20
Uniform-Random,FIFO,10,15,1000,509,491,0.509,0.491,20
Uniform-Random,LRU,10,15,1000,494,506,0.494,0.506,20
Uniform-Random,OPT,10,15,1000,242,758,0.242,0.758,20
Uniform-Random,FIFO,12,15,1000,409,591,0.409,0.591,20
Uniform-Random,LRU,12,15,1000,396,604,0.396,0.604,20
Uniform-Random,OPT,12,15,1000,179,821,0.179,0.821,20
Uniform-Random,FIFO,3,16,1000,841,159,0.841,0.159,20
Uniform-Random,LRU,3,16,1000,839,161,0.839,0.161,20
Uniform-Random,OPT,3,16,1000,633,367,0.633,0.367,20
Uniform-Random,FIFO,4,16,1000,777,223,0.777,0.223,20
Uniform-Random,LRU,4,16,1000,774,226,0.774,0.226,20
Uniform-Random,OPT,4,16,1000,542,458,0.542,0.458,20
Uniform-Random,FIFO,5,16,1000,722,278,0.722,0.278,20
Uniform-Random,LRU,5,16,1000,724,276,0.724,0.276,20
Uniform-Random,OPT,5,16,1000,467,533,0.467,0.533,20
Uniform-Random,FIFO,6,16,1000,674,326,0.674,0.326,20
Uniform-Random,LRU,6,16,1000,679,321,0.679,0.321,20
Uniform-Random,OPT,6,16,1000,405,595,0.405,0.595,20
Uniform-Random,FIFO,7,16,1000,626,374,0.626,0.374,20
Uniform-Random,LRU,7,16,1000,623,377,0.623,0.377,20
Uniform-Random,OPT,7,16,1000,352,648,0.352,0.648,20
Uniform-Random,FIFO,8,16,1000,568,432,0.568,0.432,20
Uniform-Random,LRU,8,16,1000,564,436,0.564,0.436,20
Uniform-Random,OPT,8,16,1000,305,695,0.305,0.695,20
Uniform-Random,FIFO,10,16,1000,466,534,0.466,0.534,20
Uniform-Random,LRU,10,16,1000,455,545,0.455,0.545,20
Uniform-Random,OPT,10,16,1000,226,774,0.226,0.774,20
Uniform-Random,FIFO,12,16,1000,356,644,0.356,0.644,20
Uniform-Random,LRU,12,16,1000,363,637,0.363,0.637,20
Uniform-Random,OPT,12,16,1000,167,833,0.167,0.833,20
Uniform-Random,FIFO,3,17,1000,858,142,0.858,0.142,20
Uniform-Random,LRU,3,17,1000,854,146,0.854,0.146,20
Uniform-Random,OPT,3,17,1000,653,347,0.653,0.347,20
Uniform-Random,FIFO,4,17,1000,818,182,0.818,0.182,20
Uniform-Random,LRU,4,17,1000,813,187,0.813,0.187,20
Uniform-Random,OPT,4,17,1000,564,436,0.564,0.436,20
Uniform-Random,FIFO,5,17,1000,752,248,0.752,0.248,20
Uniform-Random,LRU,5,17,1000,761,239,0.761,0.239,20
Uniform-Random,OPT,5,17,1000,493,507,0.493,0.507,20
Uniform-Random,FIFO,6,17,1000,700,300,0.7,0.3,20
Uniform-Random,LRU,6,17,1000,701,299,0.701,0.299,20
Uniform-Random,OPT,6,17,1000,434,566,0.434,0.566,20
Uniform-Random,FIFO,7,17,1000,661,339,0.661,0.339,20
Uniform-Random,LRU,7,17,1000,663,337,0.663,0.337,20
Uniform-Random,OPT,7,17,1000,381,619,0.381,0.619,20
Uniform-Random,FIFO,8,17,1000,607,393,0.607,0.393,20
Uniform-Random,LRU,8,17,1000,617,383,0.617,0.383,20
Uniform-Random,OPT,8,17,1000,332,668,0.332,0.668,20
Uniform-Random,FIFO,10,17,1000,502,498,0.502,0.498,20
Uniform-Random,LRU,10,17,1000,511,489,0.511,0.489,20
Uniform-Random,OPT,10,17,1000,252,748,0.252,0.748,20
Uniform-Random,FIFO,12,17,1000,415,585,0.415,0.585,20
Uniform-Random,LRU,12,17,1000,412,588,0.412,0.588,20
Uniform-Random,OPT,12,17,1000,184,816,0.184,0.816,20
Uniform-Random,FIFO,3,18,1000,850,150,0.85,0.15,20
Uniform-Random,LRU,3,18,1000,851,149,0.851,0.149,20
Uniform-Random,OPT,3,18,1000,644,356,0.644,0.356,20
Uniform-Random,FIFO,4,18,1000,805,195,0.805,0.195,20
Uniform-Random,LRU,4,18,1000,797,203,0.797,0.203,20
Uniform-Random,OPT,4,18,1000,552,448,0.552,0.448,20
Uniform-Random,FIFO,5,18,1000,753,247,0.753,0.247,20
Uniform-Random,LRU,5,18,1000,745,255,0.745,0.255,20
Uniform-Random,OPT,5,18,1000,479,521,0.479,0.521,20
Uniform-Random,FIFO,6,18,1000,687,313,0.687,0.313,20
Uniform-Random,LRU,6,18,1000,681,319,0.681,0.319,20
Uniform-Random,OPT,6,18,1000,421,579,0.421,0.579,20
Uniform-Random,FIFO,7,18,1000,633,367,0.633,0.367,20
Uniform-Random,LRU,7,18,1000,621,379,0.621,0.379,20
Uniform-Random,OPT,7,18,1000,371,629,0.371,0.629,20
Uniform-Random,FIFO,8,18,1000,573,427,0.573,0.427,20
Uniform-Random,LRU,8,18,1000,568,432,0.568,0.432,20
Uniform-Random,OPT,8,18,1000,326,674,0.326,0.674,20
Uniform-Random,FIFO,10,18,1000,476,524,0.476,0.524,20
Uniform-Random,LRU,10,18,1000,477,523,0.477,0.523,20
Uniform-Random,OPT,10,18,1000,244,756,0.244,0.756,20
Uniform-Random,FIFO,12,18,1000,370,630,0.37,0.63,20
Uniform-Random,LRU,12,18,1000,374,626,0.374,0.626,20
Uniform-Random,OPT,12,18,1000,175,825,0.175,0.825,20
Uniform-Random,FIFO,3,19,1000,847,153,0.847,0.153,20
Uniform-Random,LRU,3,19,1000,844,156,0.844,0.156,20
Uniform-Random,OPT,3,19,1000,655,345,0.655,0.345,20
Uniform-Random,FIFO,4,19,1000,804,196,0.804,0.196,20
Uniform-Random,LRU,4,19,1000,802,198,0.802,0.198,20
Uniform-Random,OPT,4,19,1000,573,427,0.573,0.427,20
Uniform-Random,FIFO,5,19,1000,763,237,0.763,0.237,20
Uniform-Random,LRU,5,19,1000,765,235,0.765,0.235,20
Uniform-Random,OPT,5,19,1000,502,498,0.502,0.498,20
Uniform-Random,FIFO,6,19,1000,715,285,0.715,0.285,20
Uniform-Random,LRU,6,19,1000,708,292,0.708,0.292,20
Uniform-Random,OPT,6,19,1000,442,558,0.442,0.558,20
Uniform-Random,FIFO,7,19,1000,668,332,0.668,0.332,20
Uniform-Random,LRU,7,19,1000,663,337,0.663,0.337,20
Uniform-Random,OPT,7,19,1000,386,614,0.386,0.614,20
Uniform-Random,FIFO,8,19,1000,628,372,0.628,0.372,20
Uniform-Random,LRU,8,19,1000,620,380,0.62,0.38,20
Uniform-Random,OPT,8,19,1000,338,662,0.338,0.662,20
Uniform-Random,FIFO,10,19,1000,516,484,0.516,0.484,20
Uniform-Random,LRU,10,19,1000,520,480,0.52,0.48,20
Uniform-Random,OPT,10,19,1000,259,741,0.259,0.741,20
Uniform-Random,FIFO,12,19,1000,407,593,0.407,0.593,20
Uniform-Random,LRU,12,19,1000,435,565,0.435,0.565,20
Uniform-Random,OPT,12,19,1000,190,810,0.19,0.81,20
Uniform-Random,FIFO,3,20,1000,848,152,0.848,0.152,20
Uniform-Random,LRU,3,20,1000,845,155,0.845,0.155,20
Uniform-Random,OPT,3,20,1000,651,349,0.651,0.349,20
Uniform-Random,FIFO,4,20,1000,804,196,0.804,0.196,20
Uniform-Random,LRU,4,20,1000,799,201,0.799,0.201,20
Uniform-Random,OPT,4,20,1000,568,432,0.568,0.432,20
Uniform-Random,FIFO,5,20,1000,753,247,0.753,0.247,20
Uniform-Random,LRU,5,20,1000,754,246,0.754,0.246,20
Uniform-Random,OPT,5,20,1000,495,505,0.495,0.505,20
Uniform-Random,FIFO,6,20,1000,710,290,0.71,0.29,20
Uniform-Random,LRU,6,20,1000,706,294,0.706,0.294,20
Uniform-Random,OPT,6,20,1000,432,568,0.432,0.568,20
Uniform-Random,FIFO,7,20,1000,656,344,0.656,0.344,20
Uniform-Random,LRU,7,20,1000,665,335,0.665,0.335,20
Uniform-Random,OPT,7,20,1000,379,621,0.379,0.621,20
Uniform-Random,FIFO,8,20,1000,616,384,0.616,0.384,20
Uniform-Random,LRU,8,20,1000,596,404,0.596,0.404,20
Uniform-Random,OPT,8,20,1000,331,669,0.331,0.669,20
Uniform-Random,FIFO,10,20,1000,513,487,0.513,0.487,20
Uniform-Random,LRU,10,20,1000,509,491,0.509,0.491,20
Uniform-Random,OPT,10,20,1000,252,748,0.252,0.748,20
Uniform-Random,FIFO,12,20,1000,410,590,0.41,0.59,20
Uniform-Random,LRU,12,20,1000,414,586,0.414,0.586,20
Uniform-Random,OPT,12,20,1000,187,813,0.187,0.813,20
Uniform-Random,FIFO,3,21,1000,851,149,0.851,0.149,20
Uniform-Random,LRU,3,21,1000,848,152,0.848,0.152,20
Uniform-Random,OPT,3,21,1000,656,344,0.656,0.344,20
Uniform-Random,FIFO,4,21,1000,793,207,0.793,0.207,20
Uniform-Random,LRU,4,21,1000,796,204,0.796,0.204,20
Uniform-Random,OPT,4,21,1000,570,430,0.57,0.43,20
Uniform-Random,FIFO,5,21,1000,749,251,0.749,0.251,20
Uniform-Random,LRU,5,21,1000,755,245,0.755,0.245,20
Uniform-Random,OPT,5,21,1000,496,504,0.496,0.504,20
Uniform-Random,FIFO,6,21,1000,708,292,0.708,0.292,20
Uniform-Random,LRU,6,21,1000,704,296,0.704,0.296,20
Uniform-Random,OPT,6,21,1000,433,567,0.433,0.567,20
Uniform-Random,FIFO,7,21,1000,665,335,0.665,0.335,20
Uniform-Random,LRU,7,21,1000,660,340,0.66,0.34,20
Uniform-Random,OPT,7,21,1000,377,623,0.377,0.623,20
Uniform-Random,FIFO,8,21,1000,609,391,0.609,0.391,20
Uniform-Random,LRU,8,21,1000,608,392,0.608,0.392,20
Uniform-Random,OPT,8,21,1000,326,674,0.326,0.674,20
Uniform-Random,FIFO,10,21,1000,508,492,0.508,0.492,20
Uniform-Random,LRU,10,21,1000,506,494,0.506,0.494,20
Uniform-Random,OPT,10,21,1000,247,753,0.247,0.753,20
Uniform-Random,FIFO,12,21,1000,399,601,0.399,0.601,20
Uniform-Random,LRU,12,21,1000,410,590,0.41,0.59,20
Uniform-Random,OPT,12,21,1000,184,816,0.184,0.816,20
Uniform-Random,FIFO,3,22,1000,850,150,0.85,0.15,20
Uniform-Random,LRU,3,22,1000,850,150,0.85,0.15,20
Uniform-Random,OPT,3,22,1000,653,347,0.653,0.347,20
Uniform-Random,FIFO,4,22,1000,791,209,0.791,0.209,20
Uniform-Random,LRU,4,22,1000,796,204,0.796,0.204,20
Uniform-Random,OPT,4,22,1000,559,441,0.559,0.441,20
Uniform-Random,FIFO,5,22,1000,741,259,0.741,0.259,20
Uniform-Random,LRU,5,22,1000,747,253,0.747,0.253,20
Uniform-Random,OPT,5,22,1000,486,514,0.486,0.514,20
Uniform-Random,FIFO,6,22,1000,704,296,0.704,0.296,20
Uniform-Random,LRU,6,22,1000,704,296,0.704,0.296,20
Uniform-Random,OPT,6,22,1000,424,576,0.424,0.576,20
Uniform-Random,FIFO,7,22,1000,656,344,0.656,0.344,20
Uniform-Random,LRU,7,22,1000,653,347,0.653,0.347,20
Uniform-Random,OPT,7,22,1000,370,630,0.37,0.63,20
Uniform-Random,FIFO,8,22,1000,610,390,0.61,0.39,20
Uniform-Random,LRU,8,22,1000,606,394,0.606,0.394,20
Uniform-Random,OPT,8,22,1000,325,675,0.325,0.675,20
Uniform-Random,FIFO,10,22,1000,515,485,0.515,0.485,20
Uniform-Random,LRU,10,22,1000,496,504,0.496,0.504,20
Uniform-Random,OPT,10,22,1000,250,750,0.25,0.75,20
Uniform-Random,FIFO,12,22,1000,396,604,0.396,0.604,20
Uniform-Random,LRU,12,22,1000,402,598,0.402,0.598,20
Uniform-Random,OPT,12,22,1000,188,812,0.188,0.812,20
Uniform-Random,FIFO,3,23,1000,852,148,0.852,0.148,20
Uniform-Random,LRU,3,23,1000,858,142,0.858,0.142,20
Uniform-Random,OPT,3,23,1000,653,347,0.653,0.347,20
Uniform-Random,FIFO,4,23,1000,805,195,0.805,0.195,20
Uniform-Random,LRU,4,23,1000,805,195,0.805,0.195,20
Uniform-Random,OPT,4,23,1000,566,434,0.566,0.434,20
Uniform-Random,FIFO,5,23,1000,742,258,0.742,0.258,20
Uniform-Random,LRU,5,23,1000,754,246,0.754,0.246,20
Uniform-Random,OPT,5,23,1000,493,507,0.493,0.507,20
Uniform-Random,FIFO,6,23,1000,705,295,0.705,0.295,20
Uniform-Random,LRU,6,23,1000,703,297,0.703,0.297,20
Uniform-Random,OPT,6,23,1000,431,569,0.431,0.569,20
Uniform-Random,FIFO,7,23,1000,662,338,0.662,0.338,20
Uniform-Random,LRU,7,23,1000,663,337,0.663,0.337,20
Uniform-Random,OPT,7,23,1000,378,622,0.378,0.622,20
Uniform-Random,FIFO,8,23,1000,600,400,0.6,0.4,20
Uniform-Random,LRU,8,23,1000,611,389,0.611,0.389,20
Uniform-Random,OPT,8,23,1000,331,669,0.331,0.669,20
Uniform-Random,FIFO,10,23,1000,518,482,0.518,0.482,20
Uniform-Random,LRU,10,23,1000,505,495,0.505,0.495,20
Uniform-Random,OPT,10,23,1000,248,752,0.248,0.752,20
Uniform-Random,FIFO,12,23,1000,402,598,0.402,0.598,20
Uniform-Random,LRU,12,23,1000,410,590,0.41,0.59,20
Uniform-Random,OPT,12,23,1000,181,819,0.181,0.819,20
Uniform-Random,FIFO,3,24,1000,840,160,0.84,0.16,20
Uniform-Random,LRU,3,24,1000,841,159,0.841,0.159,20
Uniform-Random,OPT,3,24,1000,646,354,0.646,0.354,20
Uniform-Random,FIFO,4,24,1000,791,209,0.791,0.209,20
Uniform-Random,LRU,4,24,1000,796,204,0.796,0.204,20
Uniform-Random,OPT,4,24,1000,559,441,0.559,0.441,20
Uniform-Random,FIFO,5,24,1000,755,245,0.755,0.245,20
Uniform-Random,LRU,5,24,1000,752,248,0.752,0.248,20
Uniform-Random,OPT,5,24,1000,490,510,0.49,0.51,20
Uniform-Random,FIFO,6,24,1000,705,295,0.705,0.295,20
Uniform-Random,LRU,6,24,1000,696,304,0.696,0.304,20
Uniform-Random,OPT,6,24,1000,428,572,0.428,0.572,20
Uniform-Random,FIFO,7,24,1000,647,353,0.647,0.353,20
Uniform-Random,LRU,7,24,1000,647,353,0.647,0.353,20
Uniform-Random,OPT,7,24,1000,378,622,0.378,0.622,20
Uniform-Random,FIFO,8,24,1000,602,398,0.602,0.398,20
Uniform-Random,LRU,8,24,1000,595,405,0.595,0.405,20
Uniform-Random,OPT,8,24,1000,331,669,0.331,0.669,20
Uniform-Random,FIFO,10,24,1000,496,504,0.496,0.504,20
Uniform-Random,LRU,10,24,1000,505,495,0.505,0.495,20
Uniform-Random,OPT,10,24,1000,255,745,0.255,0.745,20
Uniform-Random,FIFO,12,24,1000,403,597,0.403,0.597,20
Uniform-Random,LRU,12,24,1000,400,600,0.4,0.6,20
Uniform-Random,OPT,12,24,1000,186,814,0.186,0.814,20
Uniform-Random,FIFO,3,25,1000,848,152,0.848,0.152,20
Uniform-Random,LRU,3,25,1000,847,153,0.847,0.153,20
Uniform-Random,OPT,3,25,1000,653,347,0.653,0.347,20
Uniform-Random,FIFO,4,25,1000,797,203,0.797,0.203,20
Uniform-Random,LRU,4,25,1000,804,196,0.804,0.196,20
Uniform-Random,OPT,4,25,1000,565,435,0.565,0.435,20
Uniform-Random,FIFO,5,25,1000,745,255,0.745,0.255,20
Uniform-Random,LRU,5,25,1000,750,250,0.75,0.25,20
Uniform-Random,OPT,5,25,1000,491,509,0.491,0.509,20
Uniform-Random,FIFO,6,25,1000,695,305,0.695,0.305,20
Uniform-Random,LRU,6,25,1000,694,306,0.694,0.306,20
Uniform-Random,OPT,6,25,1000,428,572,0.428,0.572,20
Uniform-Random,FIFO,7,25,1000,631,369,0.631,0.369,20
Uniform-Random,LRU,7,25,1000,644,356,0.644,0.356,20
Uniform-Random,OPT,7,25,1000,371,629,0.371,0.629,20
Uniform-Random,FIFO,8,25,1000,595,405,0.595,0.405,20
Uniform-Random,LRU,8,25,1000,593,407,0.593,0.407,20
Uniform-Random,OPT,8,25,1000,322,678,0.322,0.678,20
Uniform-Random,FIFO,10,25,1000,506,494,0.506,0.494,20
Uniform-Random,LRU,10,25,1000,502,498,0.502,0.498,20
Uniform-Random,OPT,10,25,1000,245,755,0.245,0.755,20
Uniform-Random,FIFO,12,25,1000,411,589,0.411,0.589,20
Uniform-Random,LRU,12,25,1000,392,608,0.392,0.608,20
Uniform-Random,OPT,12,25,1000,179,821,0.179,0.821,20
Uniform-Random,FIFO,3,26,1000,840,160,0.84,0.16,20
Uniform-Random,LRU,3,26,1000,843,157,0.843,0.157,20
Uniform-Random,OPT,3,26,1000,645,355,0.645,0.355,20
Uniform-Random,FIFO,4,26,1000,780,220,0.78,0.22,20
Uniform-Random,LRU,4,26,1000,798,202,0.798,0.202,20
Uniform-Random,OPT,4,26,1000,557,443,0.557,0.443,20
Uniform-Random,FIFO,5,26,1000,742,258,0.742,0.258,20
Uniform-Random,LRU,5,26,1000,746,254,0.746,0.254,20
Uniform-Random,OPT,5,26,1000,484,516,0.484,0.516,20
Uniform-Random,FIFO,6,26,1000,695,305,0.695,0.305,20
Uniform-Random,LRU,6,26,1000,691,309,0.691,0.309,20
Uniform-Random,OPT,6,26,1000,421,579,0.421,0.579,20
Uniform-Random,FIFO,7,26,1000,659,341,0.659,0.341,20
Uniform-Random,LRU,7,26,1000,644,356,0.644,0.356,20
Uniform-Random,OPT,7,26,1000,370,630,0.37,0.63,20
Uniform-Random,FIFO,8,26,1000,593,407,0.593,0.407,20
Uniform-Random,LRU,8,26,1000,587,413,0.587,0.413,20
Uniform-Random,OPT,8,26,1000,324,676,0.324,0.676,20
Uniform-Random,FIFO,10,26,1000,490,510,0.49,0.51,20
Uniform-Random,LRU,10,26,1000,485,515,0.485,0.515,20
Uniform-Random,OPT,10,26,1000,246,754,0.246,0.754,20
Uniform-Random,FIFO,12,26,1000,399,601,0.399,0.601,20
Uniform-Random,LRU,12,26,1000,397,603,0.397,0.603,20
Uniform-Random,OPT,12,26,1000,184,816,0.184,0.816,20
Uniform-Random,FIFO,3,27,1000,856,144,0.856,0.144,20
Uniform-Random,LRU,3,27,1000,846,154,0.846,0.154,20
Uniform-Random,OPT,3,27,1000,655,345,0.655,0.345,20
Uniform-Random,FIFO,4,27,1000,799,201,0.799,0.201,20
Uniform-Random,LRU,4,27,1000,796,204,0.796,0.204,20
Uniform-Random,OPT,4,27,1000,566,434,0.566,0.434,20
Uniform-Random,FIFO,5,27,1000,751,249,0.751,0.249,20
Uniform-Random,LRU,5,27,1000,755,245,0.755,0.245,20
Uniform-Random,OPT,5,27,1000,496,504,0.496,0.504,20
Uniform-Random,FIFO,6,27,1000,709,291,0.709,0.291,20
Uniform-Random,LRU,6,27,1000,712,288,0.712,0.288,20
Uniform-Random,OPT,6,27,1000,437,563,0.437,0.563,20
Uniform-Random,FIFO,7,27,1000,651,349,0.651,0.349,20
Uniform-Random,LRU,7,27,1000,663,337,0.663,0.337,20
Uniform-Random,OPT,7,27,1000,384,616,0.384,0.616,20
Uniform-Random,FIFO,8,27,1000,606,394,0.606,0.394,20
Uniform-Random,LRU,8,27,1000,611,389,0.611,0.389,20
Uniform-Random,OPT,8,27,1000,337,663,0.337,0.663,20
Uniform-Random,FIFO,10,27,1000,518,482,0.518,0.482,20
Uniform-Random,LRU,10,27,1000,526,474,0.526,0.474,20
Uniform-Random,OPT,10,27,1000,259,741,0.259,0.741,20
Uniform-Random,FIFO,12,27,1000,426,574,0.426,0.574,20
Uniform-Random,LRU,12,27,1000,421,579,0.421,0.579,20
Uniform-Random,OPT,12,27,1000,193,807,0.193,0.807,20
Uniform-Random,FIFO,3,28,1000,856,144,0.856,0.144,20
Uniform-Random,LRU,3,28,1000,858,142,0.858,0.142,20
Uniform-Random,OPT,3,28,1000,654,346,0.654,0.346,20
Uniform-Random,FIFO,4,28,1000,801,199,0.801,0.199,20
Uniform-Random,LRU,4,28,1000,802,198,0.802,0.198,20
Uniform-Random,OPT,4,28,1000,563,437,0.563,0.437,20
Uniform-Random,FIFO,5,28,1000,762,238,0.762,0.238,20
Uniform-Random,LRU,5,28,1000,757,243,0.757,0.243,20
Uniform-Random,OPT,5,28,1000,492,508,0.492,0.508,20
Uniform-Random,FIFO,6,28,1000,706,294,0.706,0.294,20
Uniform-Random,LRU,6,28,1000,714,286,0.714,0.286,20
Uniform-Random,OPT,6,28,1000,433,567,0.433,0.567,20
Uniform-Random,FIFO,7,28,1000,658,342,0.658,0.342,20
Uniform-Random,LRU,7,28,1000,640,360,0.64,0.36,20
Uniform-Random,OPT,7,28,1000,380,620,0.38,0.62,20
Uniform-Random,FIFO,8,28,1000,607,393,0.607,0.393,20
Uniform-Random,LRU,8,28,1000,601,399,0.601,0.399,20
Uniform-Random,OPT,8,28,1000,334,666,0.334,0.666,20
Uniform-Random,FIFO,10,28,1000,503,497,0.503,0.497,20
Uniform-Random,LRU,10,28,1000,513,487,0.513,0.487,20
Uniform-Random,OPT,10,28,1000,254,746,0.254,0.746,20
Uniform-Random,FIFO,12,28,1000,415,585,0.415,0.585,20
Uniform-Random,LRU,12,28,1000,414,586,0.414,0.586,20
Uniform-Random,OPT,12,28,1000,184,816,0.184,0.816,20
Uniform-Random,FIFO,3,29,1000,843,157,0.843,0.157,20
Uniform-Random,LRU,3,29,1000,843,157,0.843,0.157,20
Uniform-Random,OPT,3,29,1000,648,352,0.648,0.352,20
Uniform-Random,FIFO,4,29,1000,781,219,0.781,0.219,20
Uniform-Random,LRU,4,29,1000,789,211,0.789,0.211,20
Uniform-Random,OPT,4,29,1000,559,441,0.559,0.441,20
Uniform-Random,FIFO,5,29,1000,754,246,0.754,0.246,20
Uniform-Random,LRU,5,29,1000,745,255,0.745,0.255,20
Uniform-Random,OPT,5,29,1000,489,511,0.489,0.511,20
Uniform-Random,FIFO,6,29,1000,709,291,0.709,0.291,20
Uniform-Random,LRU,6,29,1000,703,297,0.703,0.297,20
Uniform-Random,OPT,6,29,1000,432,568,0.432,0.568,20
Uniform-Random,FIFO,7,29,1000,653,347,0.653,0.347,20
Uniform-Random,LRU,7,29,1000,660,340,0.66,0.34,20
Uniform-Random,OPT,7,29,1000,382,618,0.382,0.618,20
Uniform-Random,FIFO,8,29,1000,604,396,0.604,0.396,20
Uniform-Random,LRU,8,29,1000,606,394,0.606,0.394,20
Uniform-Random,OPT,8,29,1000,336,664,0.336,0.664,20
Uniform-Random,FIFO,10,29,1000,514,486,0.514,0.486,20
Uniform-Random,LRU,10,29,1000,512,488,0.512,0.488,20
Uniform-Random,OPT,10,29,1000,255,745,0.255,0.745,20
Uniform-Random,FIFO,12,29,1000,421,579,0.421,0.579,20
Uniform-Random,LRU,12,29,1000,419,581,0.419,0.581,20
Uniform-Random,OPT,12,29,1000,191,809,0.191,0.809,20
Uniform-Random,FIFO,3,30,1000,845,155,0.845,0.155,20
Uniform-Random,LRU,3,30,1000,847,153,0.847,0.153,20
Uniform-Random,OPT,3,30,1000,644,356,0.644,0.356,20
Uniform-Random,FIFO,4,30,1000,793,207,0.793,0.207,20
Uniform-Random,LRU,4,30,1000,796,204,0.796,0.204,20
Uniform-Random,OPT,4,30,1000,563,437,0.563,0.437,20
Uniform-Random,FIFO,5,30,1000,734,266,0.734,0.266,20
Uniform-Random,LRU,5,30,1000,734,266,0.734,0.266,20
Uniform-Random,OPT,5,30,1000,496,504,0.496,0.504,20
Uniform-Random,FIFO,6,30,1000,692,308,0.692,0.308,20
Uniform-Random,LRU,6,30,1000,695,305,0.695,0.305,20
Uniform-Random,OPT,6,30,1000,438,562,0.438,0.562,20
Uniform-Random,FIFO,7,30,1000,651,349,0.651,0.349,20
Uniform-Random,LRU,7,30,1000,639,361,0.639,0.361,20
Uniform-Random,OPT,7,30,1000,385,615,0.385,0.615,20
Uniform-Random,FIFO,8,30,1000,598,402,0.598,0.402,20
Uniform-Random,LRU,8,30,1000,594,406,0.594,0.406,20
Uniform-Random,OPT,8,30,1000,336,664,0.336,0.664,20
Uniform-Random,FIFO,10,30,1000,509,491,0.509,0.491,20
Uniform-Random,LRU,10,30,1000,506,494,0.506,0.494,20
Uniform-Random,OPT,10,30,1000,255,745,0.255,0.745,20
Uniform-Random,FIFO,12,30,1000,406,594,0.406,0.594,20
Uniform-Random,LRU,12,30,1000,426,574,0.426,0.574,20
Uniform-Random,OPT,12,30,1000,186,814,0.186,0.814,20
Locality-Phases,FIFO,3,1,1000,516,484,0.516,0.484,20
Locality-Phases,LRU,3,1,1000,499,501,0.499,0.501,20
Locality-Phases,OPT,3,1,1000,324,676,0.324,0.676,20
Locality-Phases,FIFO,4,1,1000,389,611,0.389,0.611,20
Locality-Phases,LRU,4,1,1000,356,644,0.356,0.644,20
Locality-Phases,OPT,4,1,1000,213,787,0.213,0.787,20
Locality-Phases,FIFO,5,1,1000,273,727,0.273,0.727,20
Locality-Phases,LRU,5,1,1000,225,775,0.225,0.775,20
Locality-Phases,OPT,5,1,1000,135,865,0.135,0.865,20
Locality-Phases,FIFO,6,1,1000,209,791,0.209,0.791,20
Locality-Phases,LRU,6,1,1000,143,857,0.143,0.857,20
Locality-Phases,OPT,6,1,1000,97,903,0.097,0.903,20
Locality-Phases,FIFO,7,1,1000,173,827,0.173,0.827,20
Locality-Phases,LRU,7,1,1000,112,888,0.112,0.888,20
Locality-Phases,OPT,7,1,1000,79,921,0.079,0.921,20
Locality-Phases,FIFO,8,1,1000,149,851,0.149,0.851,20
Locality-Phases,LRU,8,1,1000,94,906,0.094,0.906,20
Locality-Phases,OPT,8,1,1000,68,932,0.068,0.932,20
Locality-Phases,FIFO,10,1,1000,109,891,0.109,0.891,20
Locality-Phases,LRU,10,1,1000,81,919,0.081,0.919,20
Locality-Phases,OPT,10,1,1000,52,948,0.052,0.948,20
Locality-Phases,FIFO,12,1,1000,74,926,0.074,0.926,20
Locality-Phases,LRU,12,1,1000,67,933,0.067,0.933,20
Locality-Phases,OPT,12,1,1000,40,960,0.04,0.96,20
Locality-Phases,FIFO,3,2,1000,513,487,0.513,0.487,20
Locality-Phases,LRU,3,2,1000,512,488,0.512,0.488,20
Locality-Phases,OPT,3,2,1000,335,665,0.335,0.665,20
Locality-Phases,FIFO,4,2,1000,389,611,0.389,0.611,20
Locality-Phases,LRU,4,2,1000,357,643,0.357,0.643,20
Locality-Phases,OPT,4,2,1000,213,787,0.213,0.787,20
Locality-Phases,FIFO,5,2,1000,278,722,0.278,0.722,20
Locality-Phases,LRU,5,2,1000,230,770,0.23,0.77,20
Locality-Phases,OPT,5,2,1000,144,856,0.144,0.856,20
Locality-Phases,FIFO,6,2,1000,220,780,0.22,0.78,20
Locality-Phases,LRU,6,2,1000,146,854,0.146,0.854,20
Locality-Phases,OPT,6,2,1000,109,891,0.109,0.891,20
Locality-Phases,FIFO,7,2,1000,184,816,0.184,0.816,20
Locality-Phases,LRU,7,2,1000,127,873,0.127,0.873,20
Locality-Phases,OPT,7,2,1000,90,910,0.09,0.91,20
Locality-Phases,FIFO,8,2,1000,157,843,0.157,0.843,20
Locality-Phases,LRU,8,2,1000,110,890,0.11,0.89,20
Locality-Phases,OPT,8,2,1000,76,924,0.076,0.924,20
Locality-Phases,FIFO,10,2,1000,116,884,0.116,0.884,20
Locality-Phases,LRU,10,2,1000,97,903,0.097,0.903,20
Locality-Phases,OPT,10,2,1000,58,942,0.058,0.942,20
Locality-Phases,FIFO,12,2,1000,97,903,0.097,0.903,20
Locality-Phases,LRU,12,2,1000,73,927,0.073,0.927,20
Locality-Phases,OPT,12,2,1000,45,955,0.045,0.955,20
Locality-Phases,FIFO,3,3,1000,520,480,0.52,0.48,20
Locality-Phases,LRU,3,3,1000,505,495,0.505,0.495,20
Locality-Phases,OPT,3,3,1000,322,678,0.322,0.678,20
Locality-Phases,FIFO,4,3,1000,356,644,0.356,0.644,20
Locality-Phases,LRU,4,3,1000,348,652,0.348,0.652,20
Locality-Phases,OPT,4,3,1000,199,801,0.199,0.801,20
Locality-Phases,FIFO,5,3,1000,250,750,0.25,0.75,20
Locality-Phases,LRU,5,3,1000,202,798,0.202,0.798,20
Locality-Phases,OPT,5,3,1000,125,875,0.125,0.875,20
Locality-Phases,FIFO,6,3,1000,188,812,0.188,0.812,20
Locality-Phases,LRU,6,3,1000,137,863,0.137,0.863,20
Locality-Phases,OPT,6,3,1000,93,907,0.093,0.907,20
Locality-Phases,FIFO,7,3,1000,153,847,0.153,0.847,20
Locality-Phases,LRU,7,3,1000,106,894,0.106,0.894,20
Locality-Phases,OPT,7,3,1000,77,923,0.077,0.923,20
Locality-Phases,FIFO,8,3,1000,129,871,0.129,0.871,20
Locality-Phases,LRU,8,3,1000,91,909,0.091,0.909,20
Locality-Phases,OPT,8,3,1000,65,935,0.065,0.935,20
Locality-Phases,FIFO,10,3,1000,98,902,0.098,0.902,20
Locality-Phases,LRU,10,3,1000,78,922,0.078,0.922,20
Locality-Phases,OPT,10,3,1000,50,950,0.05,0.95,20
Locality-Phases,FIFO,12,3,1000,70,930,0.07,0.93,20
Locality-Phases,LRU,12,3,1000,64,936,0.064,0.936,20
Locality-Phases,OPT,12,3,1000,38,962,0.038,0.962,20
Locality-Phases,FIFO,3,4,1000,542,458,0.542,0.458,20
Locality-Phases,LRU,3,4,1000,537,463,0.537,0.463,20
Locality-Phases,OPT,3,4,1000,346,654,0.346,0.654,20
Locality-Phases,FIFO,4,4,1000,411,589,0.411,0.589,20
Locality-Phases,LRU,4,4,1000,378,622,0.378,0.622,20
Locality-Phases,OPT,4,4,1000,227,773,0.227,0.773,20
Locality-Phases,FIFO,5,4,1000,299,701,0.299,0.701,20
Locality-Phases,LRU,5,4,1000,246,754,0.246,0.754,20
Locality-Phases,OPT,5,4,1000,147,853,0.147,0.853,20
Locality-Phases,FIFO,6,4,1000,218,782,0.218,0.782,20
Locality-Phases,LRU,6,4,1000,167,833,0.167,0.833,20
Locality-Phases,OPT,6,4,1000,106,894,0.106,0.894,20
Locality-Phases,FIFO,7,4,1000,192,808,0.192,0.808,20
Locality-Phases,LRU,7,4,1000,127,873,0.127,0.873,20
Locality-Phases,OPT,7,4,1000,88,912,0.088,0.912,20
Locality-Phases,FIFO,8,4,1000,156,844,0.156,0.844,20
Locality-Phases,LRU,8,4,1000,106,894,0.106,0.894,20
Locality-Phases,OPT,8,4,1000,75,925,0.075,0.925,20
Locality-Phases,FIFO,10,4,1000,112,888,0.112,0.888,20
Locality-Phases,LRU,10,4,1000,87,913,0.087,0.913,20
Locality-Phases,OPT,10,4,1000,58,942,0.058,0.942,20
Locality-Phases,FIFO,12,4,1000,86,914,0.086,0.914,20
Locality-Phases,LRU,12,4,1000,75,925,0.075,0.925,20
Locality-Phases,OPT,12,4,1000,45,955,0.045,0.955,20
Locality-Phases,FIFO,3,5,1000,536,464,0.536,0.464,20
Locality-Phases,LRU,3,5,1000,505,495,0.505,0.495,20
Locality-Phases,OPT,3,5,1000,330,670,0.33,0.67,20
Locality-Phases,FIFO,4,5,1000,380,620,0.38,0.62,20
Locality-Phases,LRU,4,5,1000,348,652,0.348,0.652,20
Locality-Phases,OPT,4,5,1000,216,784,0.216,0.784,20
Locality-Phases,FIFO,5,5,1000,287,713,0.287,0.713,20
Locality-Phases,LRU,5,5,1000,232,768,0.232,0.768,20
Locality-Phases,OPT,5,5,1000,141,859,0.141,0.859,20
Locality-Phases,FIFO,6,5,1000,219,781,0.219,0.781,20
Locality-Phases,LRU,6,5,1000,148,852,0.148,0.852,20
Locality-Phases,OPT,6,5,1000,103,897,0.103,0.897,20
Locality-Phases,FIFO,7,5,1000,186,814,0.186,0.814,20
Locality-Phases,LRU,7,5,1000,120,880,0.12,0.88,20
Locality-Phases,OPT,7,5,1000,85,915,0.085,0.915,20
Locality-Phases,FIFO,8,5,1000,154,846,0.154,0.846,20
Locality-Phases,LRU,8,5,1000,104,896,0.104,0.896,20
Locality-Phases,OPT,8,5,1000,74,926,0.074,0.926,20
Locality-Phases,FIFO,10,5,1000,116,884,0.116,0.884,20
Locality-Phases,LRU,10,5,1000,90,910,0.09,0.91,20
Locality-Phases,OPT,10,5,1000,57,943,0.057,0.943,20
Locality-Phases,FIFO,12,5,1000,87,913,0.087,0.913,20
Locality-Phases,LRU,12,5,1000,73,927,0.073,0.927,20
Locality-Phases,OPT,12,5,1000,43,957,0.043,0.957,20
Locality-Phases,FIFO,3,6,1000,514,486,0.514,0.486,20
Locality-Phases,LRU,3,6,1000,506,494,0.506,0.494,20
Locality-Phases,OPT,3,6,1000,331,669,0.331,0.669,20
Locality-Phases,FIFO,4,6,1000,378,622,0.378,0.622,20
Locality-Phases,LRU,4,6,1000,367,633,0.367,0.633,20
Locality-Phases,OPT,4,6,1000,218,782,0.218,0.782,20
Locality-Phases,FIFO,5,6,1000,269,731,0.269,0.731,20
Locality-Phases,LRU,5,6,1000,222,778,0.222,0.778,20
Locality-Phases,OPT,5,6,1000,139,861,0.139,0.861,20
Locality-Phases,FIFO,6,6,1000,210,790,0.21,0.79,20
Locality-Phases,LRU,6,6,1000,151,849,0.151,0.849,20
Locality-Phases,OPT,6,6,1000,100,900,0.1,0.9,20
Locality-Phases,FIFO,7,6,1000,175,825,0.175,0.825,20
Locality-Phases,LRU,7,6,1000,114,886,0.114,0.886,20
Locality-Phases,OPT,7,6,1000,82,918,0.082,0.918,20
Locality-Phases,FIFO,8,6,1000,129,871,0.129,0.871,20
Locality-Phases,LRU,8,6,1000,101,899,0.101,0.899,20
Locality-Phases,OPT,8,6,1000,68,932,0.068,0.932,20
Locality-Phases,FIFO,10,6,1000,104,896,0.104,0.896,20
Locality-Phases,LRU,10,6,1000,79,921,0.079,0.921,20
Locality-Phases,OPT,10,6,1000,49,951,0.049,0.951,20
Locality-Phases,FIFO,12,6,1000,80,920,0.08,0.92,20
Locality-Phases,LRU,12,6,1000,61,939,0.061,0.939,20
Locality-Phases,OPT,12,6,1000,37,963,0.037,0.963,20
Locality-Phases,FIFO,3,7,1000,526,474,0.526,0.474,20
Locality-Phases,LRU,3,7,1000,508,492,0.508,0.492,20
Locality-Phases,OPT,3,7,1000,338,662,0.338,0.662,20
Locality-Phases,FIFO,4,7,1000,375,625,0.375,0.625,20
Locality-Phases,LRU,4,7,1000,360,640,0.36,0.64,20
Locality-Phases,OPT,4,7,1000,224,776,0.224,0.776,20
Locality-Phases,FIFO,5,7,1000,268,732,0.268,0.732,20
Locality-Phases,LRU,5,7,1000,219,781,0.219,0.781,20
Locality-Phases,OPT,5,7,1000,143,857,0.143,0.857,20
Locality-Phases,FIFO,6,7,1000,205,795,0.205,0.795,20
Locality-Phases,LRU,6,7,1000,156,844,0.156,0.844,20
Locality-Phases,OPT,6,7,1000,105,895,0.105,0.895,20
Locality-Phases,FIFO,7,7,1000,163,837,0.163,0.837,20
Locality-Phases,LRU,7,7,1000,126,874,0.126,0.874,20
Locality-Phases,OPT,7,7,1000,86,914,0.086,0.914,20
Locality-Phases,FIFO,8,7,1000,144,856,0.144,0.856,20
Locality-Phases,LRU,8,7,1000,104,896,0.104,0.896,20
Locality-Phases,OPT,8,7,1000,72,928,0.072,0.928,20
Locality-Phases,FIFO,10,7,1000,100,900,0.1,0.9,20
Locality-Phases,LRU,10,7,1000,84,916,0.084,0.916,20
Locality-Phases,OPT,10,7,1000,53,947,0.053,0.947,20
Locality-Phases,FIFO,12,7,1000,81,919,0.081,0.919,20
Locality-Phases,LRU,12,7,1000,67,933,0.067,0.933,20
Locality-Phases,OPT,12,7,1000,41,959,0.041,0.959,20
Locality-Phases,FIFO,3,8,1000,510,490,0.51,0.49,20
Locality-Phases,LRU,3,8,1000,503,497,0.503,0.497,20
Locality-Phases,OPT,3,8,1000,333,667,0.333,0.667,20
Locality-Phases,FIFO,4,8,1000,384,616,0.384,0.616,20
Locality-Phases,LRU,4,8,1000,353,647,0.353,0.647,20
Locality-Phases,OPT,4,8,1000,214,786,0.214,0.786,20
Locality-Phases,FIFO,5,8,1000,279,721,0.279,0.721,20
Locality-Phases,LRU,5,8,1000,238,762,0.238,0.762,20
Locality-Phases,OPT,5,8,1000,141,859,0.141,0.859,20
Locality-Phases,FIFO,6,8,1000,210,790,0.21,0.79,20
Locality-Phases,LRU,6,8,1000,146,854,0.146,0.854,20
Locality-Phases,OPT,6,8,1000,96,904,0.096,0.904,20
Locality-Phases,FIFO,7,8,1000,165,835,0.165,0.835,20
Locality-Phases,LRU,7,8,1000,114,886,0.114,0.886,20
Locality-Phases,OPT,7,8,1000,79,921,0.079,0.921,20
Locality-Phases,FIFO,8,8,1000,141,859,0.141,0.859,20
Locality-Phases,LRU,8,8,1000,94,906,0.094,0.906,20
Locality-Phases,OPT,8,8,1000,64,936,0.064,0.936,20
Locality-Phases,FIFO,10,8,1000,95,905,0.095,0.905,20
Locality-Phases,LRU,10,8,1000,76,924,0.076,0.924,20
Locality-Phases,OPT,10,8,1000,45,955,0.045,0.955,20
Locality-Phases,FIFO,12,8,1000,61,939,0.061,0.939,20
Locality-Phases,LRU,12,8,1000,58,942,0.058,0.942,20
Locality-Phases,OPT,12,8,1000,35,965,0.035,0.965,20
Locality-Phases,FIFO,3,9,1000,540,460,0.54,0.46,20
Locality-Phases,LRU,3,9,1000,519,481,0.519,0.481,20
Locality-Phases,OPT,3,9,1000,344,656,0.344,0.656,20
Locality-Phases,FIFO,4,9,1000,403,597,0.403,0.597,20
Locality-Phases,LRU,4,9,1000,370,630,0.37,0.63,20
Locality-Phases,OPT,4,9,1000,228,772,0.228,0.772,20
Locality-Phases,FIFO,5,9,1000,294,706,0.294,0.706,20
Locality-Phases,LRU,5,9,1000,248,752,0.248,0.752,20
Locality-Phases,OPT,5,9,1000,149,851,0.149,0.851,20
Locality-Phases,FIFO,6,9,1000,235,765,0.235,0.765,20
Locality-Phases,LRU,6,9,1000,165,835,0.165,0.835,20
Locality-Phases,OPT,6,9,1000,108,892,0.108,0.892,20
Locality-Phases,FIFO,7,9,1000,177,823,0.177,0.823,20
Locality-Phases,LRU,7,9,1000,120,880,0.12,0.88,20
Locality-Phases,OPT,7,9,1000,90,910,0.09,0.91,20
Locality-Phases,FIFO,8,9,1000,152,848,0.152,0.848,20
Locality-Phases,LRU,8,9,1000,105,895,0.105,0.895,20
Locality-Phases,OPT,8,9,1000,77,923,0.077,0.923,20
Locality-Phases,FIFO,10,9,1000,118,882,0.118,0.882,20
Locality-Phases,LRU,10,9,1000,92,908,0.092,0.908,20
Locality-Phases,OPT,10,9,1000,60,940,0.06,0.94,20
Locality-Phases,FIFO,12,9,1000,87,913,0.087,0.913,20
Locality-Phases,LRU,12,9,1000,76,924,0.076,0.924,20
Locality-Phases,OPT,12,9,1000,49,951,0.049,0.951,20
Locality-Phases,FIFO,3,10,1000,517,483,0.517,0.483,20
Locality-Phases,LRU,3,10,1000,487,513,0.487,0.513,20
Locality-Phases,OPT,3,10,1000,318,682,0.318,0.682,20
Locality-Phases,FIFO,4,10,1000,362,638,0.362,0.638,20
Locality-Phases,LRU,4,10,1000,349,651,0.349,0.651,20
Locality-Phases,OPT,4,10,1000,203,797,0.203,0.797,20
Locality-Phases,FIFO,5,10,1000,238,762,0.238,0.762,20
Locality-Phases,LRU,5,10,1000,205,795,0.205,0.795,20
Locality-Phases,OPT,5,10,1000,125,875,0.125,0.875,20
Locality-Phases,FIFO,6,10,1000,193,807,0.193,0.807,20
Locality-Phases,LRU,6,10,1000,128,872,0.128,0.872,20
Locality-Phases,OPT,6,10,1000,87,913,0.087,0.913,20
Locality-Phases,FIFO,7,10,1000,153,847,0.153,0.847,20
Locality-Phases,LRU,7,10,1000,96,904,0.096,0.904,20
Locality-Phases,OPT,7,10,1000,70,930,0.07,0.93,20
Locality-Phases,FIFO,8,10,1000,123,877,0.123,0.877,20
Locality-Phases,LRU,8,10,1000,80,920,0.08,0.92,20
Locality-Phases,OPT,8,10,1000,62,938,0.062,0.938,20
Locality-Phases,FIFO,10,10,1000,98,902,0.098,0.902,20
Locality-Phases,LRU,10,10,1000,68,932,0.068,0.932,20
Locality-Phases,OPT,10,10,1000,48,952,0.048,0.952,20
Locality-Phases,FIFO,12,10,1000,73,927,0.073,0.927,20
Locality-Phases,LRU,12,10,1000,60,940,0.06,0.94,20
Locality-Phases,OPT,12,10,1000,38,962,0.038,0.962,20
Locality-Phases,FIFO,3,11,1000,515,485,0.515,0.485,20
Locality-Phases,LRU,3,11,1000,512,488,0.512,0.488,20
Locality-Phases,OPT,3,11,1000,334,666,0.334,0.666,20
Locality-Phases,FIFO,4,11,1000,383,617,0.383,0.617,20
Locality-Phases,LRU,4,11,1000,355,645,0.355,0.645,20
Locality-Phases,OPT,4,11,1000,220,780,0.22,0.78,20
Locality-Phases,FIFO,5,11,1000,283,717,0.283,0.717,20
Locality-Phases,LRU,5,11,1000,238,762,0.238,0.762,20
Locality-Phases,OPT,5,11,1000,149,851,0.149,0.851,20
Locality-Phases,FIFO,6,11,1000,230,770,0.23,0.77,20
Locality-Phases,LRU,6,11,1000,164,836,0.164,0.836,20
Locality-Phases,OPT,6,11,1000,109,891,0.109,0.891,20
Locality-Phases,FIFO,7,11,1000,187,813,0.187,0.813,20
Locality-Phases,LRU,7,11,1000,127,873,0.127,0.873,20
Locality-Phases,OPT,7,11,1000,89,911,0.089,0.911,20
Locality-Phases,FIFO,8,11,1000,155,845,0.155,0.845,20
Locality-Phases,LRU,8,11,1000,109,891,0.109,0.891,20
Locality-Phases,OPT,8,11,1000,73,927,0.073,0.927,20
Locality-Phases,FIFO,10,11,1000,103,897,0.103,0.897,20
Locality-Phases,LRU,10,11,1000,88,912,0.088,0.912,20
Locality-Phases,OPT,10,11,1000,53,947,0.053,0.947,20
Locality-Phases,FIFO,12,11,1000,80,920,0.08,0.92,20
Locality-Phases,LRU,12,11,1000,71,929,0.071,0.929,20
Locality-Phases,OPT,12,11,1000,40,960,0.04,0.96,20
Locality-Phases,FIFO,3,12,1000,526,474,0.526,0.474,20
Locality-Phases,LRU,3,12,1000,512,488,0.512,0.488,20
Locality-Phases,OPT,3,12,1000,333,667,0.333,0.667,20
Locality-Phases,FIFO,4,12,1000,391,609,0.391,0.609,20
Locality-Phases,LRU,4,12,1000,373,627,0.373,0.627,20
Locality-Phases,OPT,4,12,1000,216,784,0.216,0.784,20
Locality-Phases,FIFO,5,12,1000,276,724,0.276,0.724,20
Locality-Phases,LRU,5,12,1000,215,785,0.215,0.785,20
Locality-Phases,OPT,5,12,1000,138,862,0.138,0.862,20
Locality-Phases,FIFO,6,12,1000,216,784,0.216,0.784,20
Locality-Phases,LRU,6,12,1000,150,850,0.15,0.85,20
Locality-Phases,OPT,6,12,1000,99,901,0.099,0.901,20
Locality-Phases,FIFO,7,12,1000,176,824,0.176,0.824,20
Locality-Phases,LRU,7,12,1000,114,886,0.114,0.886,20
Locality-Phases,OPT,7,12,1000,84,916,0.084,0.916,20
Locality-Phases,FIFO,8,12,1000,146,854,0.146,0.854,20
Locality-Phases,LRU,8,12,1000,100,900,0.1,0.9,20
Locality-Phases,OPT,8,12,1000,74,926,0.074,0.926,20
Locality-Phases,FIFO,10,12,1000,101,899,0.101,0.899,20
Locality-Phases,LRU,10,12,1000,82,918,0.082,0.918,20
Locality-Phases,OPT,10,12,1000,57,943,0.057,0.943,20
Locality-Phases,FIFO,12,12,1000,86,914,0.086,0.914,20
Locality-Phases,LRU,12,12,1000,71,929,0.071,0.929,20
Locality-Phases,OPT,12,12,1000,45,955,0.045,0.955,20
Locality-Phases,FIFO,3,13,1000,520,480,0.52,0.48,20
Locality-Phases,LRU,3,13,1000,510,490,0.51,0.49,20
Locality-Phases,OPT,3,13,1000,332,668,0.332,0.668,20
Locality-Phases,FIFO,4,13,1000,382,618,0.382,0.618,20
Locality-Phases,LRU,4,13,1000,365,635,0.365,0.635,20
Locality-Phases,OPT,4,13,1000,218,782,0.218,0.782,20
Locality-Phases,FIFO,5,13,1000,284,716,0.284,0.716,20
Locality-Phases,LRU,5,13,1000,238,762,0.238,0.762,20
Locality-Phases,OPT,5,13,1000,146,854,0.146,0.854,20
Locality-Phases,FIFO,6,13,1000,219,781,0.219,0.781,20
Locality-Phases,LRU,6,13,1000,157,843,0.157,0.843,20
Locality-Phases,OPT,6,13,1000,106,894,0.106,0.894,20
Locality-Phases,FIFO,7,13,1000,178,822,0.178,0.822,20
Locality-Phases,LRU,7,13,1000,117,883,0.117,0.883,20
Locality-Phases,OPT,7,13,1000,87,913,0.087,0.913,20
Locality-Phases,FIFO,8,13,1000,139,861,0.139,0.861,20
Locality-Phases,LRU,8,13,1000,106,894,0.106,0.894,20
Locality-Phases,OPT,8,13,1000,73,927,0.073,0.927,20
Locality-Phases,FIFO,10,13,1000,114,886,0.114,0.886,20
Locality-Phases,LRU,10,13,1000,86,914,0.086,0.914,20
Locality-Phases,OPT,10,13,1000,55,945,0.055,0.945,20
Locality-Phases,FIFO,12,13,1000,79,921,0.079,0.921,20
Locality-Phases,LRU,12,13,1000,68,932,0.068,0.932,20
Locality-Phases,OPT,12,13,1000,42,958,0.042,0.958,20
Locality-Phases,FIFO,3,14,1000,507,493,0.507,0.493,20
Locality-Phases,LRU,3,14,1000,488,512,0.488,0.512,20
Locality-Phases,OPT,3,14,1000,323,677,0.323,0.677,20
Locality-Phases,FIFO,4,14,1000,369,631,0.369,0.631,20
Locality-Phases,LRU,4,14,1000,345,655,0.345,0.655,20
Locality-Phases,OPT,4,14,1000,209,791,0.209,0.791,20
Locality-Phases,FIFO,5,14,1000,282,718,0.282,0.718,20
Locality-Phases,LRU,5,14,1000,226,774,0.226,0.774,20
Locality-Phases,OPT,5,14,1000,142,858,0.142,0.858,20
Locality-Phases,FIFO,6,14,1000,213,787,0.213,0.787,20
Locality-Phases,LRU,6,14,1000,152,848,0.152,0.848,20
Locality-Phases,OPT,6,14,1000,103,897,0.103,0.897,20
Locality-Phases,FIFO,7,14,1000,182,818,0.182,0.818,20
Locality-Phases,LRU,7,14,1000,123,877,0.123,0.877,20
Locality-Phases,OPT,7,14,1000,86,914,0.086,0.914,20
Locality-Phases,FIFO,8,14,1000,147,853,0.147,0.853,20
Locality-Phases,LRU,8,14,1000,106,894,0.106,0.894,20
Locality-Phases,OPT,8,14,1000,74,926,0.074,0.926,20
Locality-Phases,FIFO,10,14,1000,105,895,0.105,0.895,20
Locality-Phases,LRU,10,14,1000,82,918,0.082,0.918,20
Locality-Phases,OPT,10,14,1000,55,945,0.055,0.945,20
Locality-Phases,FIFO,12,14,1000,89,911,0.089,0.911,20
Locality-Phases,LRU,12,14,1000,69,931,0.069,0.931,20
Locality-Phases,OPT,12,14,1000,44,956,0.044,0.956,20
Locality-Phases,FIFO,3,15,1000,515,485,0.515,0.485,20
Locality-Phases,LRU,3,15,1000,514,486,0.514,0.486,20
Locality-Phases,OPT,3,15,1000,340,660,0.34,0.66,20
Locality-Phases,FIFO,4,15,1000,390,610,0.39,0.61,20
Locality-Phases,LRU,4,15,1000,360,640,0.36,0.64,20
Locality-Phases,OPT,4,15,1000,223,777,0.223,0.777,20
Locality-Phases,FIFO,5,15,1000,281,719,0.281,0.719,20
Locality-Phases,LRU,5,15,1000,233,767,0.233,0.767,20
Locality-Phases,OPT,5,15,1000,148,852,0.148,0.852,20
Locality-Phases,FIFO,6,15,1000,233,767,0.233,0.767,20
Locality-Phases,LRU,6,15,1000,154,846,0.154,0.846,20
Locality-Phases,OPT,6,15,1000,112,888,0.112,0.888,20
Locality-Phases,FIFO,7,15,1000,178,822,0.178,0.822,20
Locality-Phases,LRU,7,15,1000,128,872,0.128,0.872,20
Locality-Phases,OPT,7,15,1000,92,908,0.092,0.908,20
Locality-Phases,FIFO,8,15,1000,156,844,0.156,0.844,20
Locality-Phases,LRU,8,15,1000,115,885,0.115,0.885,20
Locality-Phases,OPT,8,15,1000,78,922,0.078,0.922,20
Locality-Phases,FIFO,10,15,1000,118,882,0.118,0.882,20
Locality-Phases,LRU,10,15,1000,93,907,0.093,0.907,20
Locality-Phases,OPT,10,15,1000,57,943,0.057,0.943,20
Locality-Phases,FIFO,12,15,1000,85,915,0.085,0.915,20
Locality-Phases,LRU,12,15,1000,76,924,0.076,0.924,20
Locality-Phases,OPT,12,15,1000,44,956,0.044,0.956,20
Locality-Phases,FIFO,3,16,1000,524,476,0.524,0.476,20
Locality-Phases,LRU,3,16,1000,510,490,0.51,0.49,20
Locality-Phases,OPT,3,16,1000,344,656,0.344,0.656,20
Locality-Phases,FIFO,4,16,1000,390,610,0.39,0.61,20
Locality-Phases,LRU,4,16,1000,367,633,0.367,0.633,20
Locality-Phases,OPT,4,16,1000,224,776,0.224,0.776,20
Locality-Phases,FIFO,5,16,1000,280,720,0.28,0.72,20
Locality-Phases,LRU,5,16,1000,236,764,0.236,0.764,20
Locality-Phases,OPT,5,16,1000,143,857,0.143,0.857,20
Locality-Phases,FIFO,6,16,1000,227,773,0.227,0.773,20
Locality-Phases,LRU,6,16,1000,163,837,0.163,0.837,20
Locality-Phases,OPT,6,16,1000,106,894,0.106,0.894,20
Locality-Phases,FIFO,7,16,1000,175,825,0.175,0.825,20
Locality-Phases,LRU,7,16,1000,135,865,0.135,0.865,20
Locality-Phases,OPT,7,16,1000,90,910,0.09,0.91,20
Locality-Phases,FIFO,8,16,1000,157,843,0.157,0.843,20
Locality-Phases,LRU,8,16,1000,114,886,0.114,0.886,20
Locality-Phases,OPT,8,16,1000,77,923,0.077,0.923,20
Locality-Phases,FIFO,10,16,1000,123,877,0.123,0.877,20
Locality-Phases,LRU,10,16,1000,91,909,0.091,0.909,20
Locality-Phases,OPT,10,16,1000,58,942,0.058,0.942,20
Locality-Phases,FIFO,12,16,1000,87,913,0.087,0.913,20
Locality-Phases,LRU,12,16,1000,76,924,0.076,0.924,20
Locality-Phases,OPT,12,16,1000,47,953,0.047,0.953,20
Locality-Phases,FIFO,3,17,1000,537,463,0.537,0.463,20
Locality-Phases,LRU,3,17,1000,522,478,0.522,0.478,20
Locality-Phases,OPT,3,17,1000,339,661,0.339,0.661,20
Locality-Phases,FIFO,4,17,1000,404,596,0.404,0.596,20
Locality-Phases,LRU,4,17,1000,364,636,0.364,0.636,20
Locality-Phases,OPT,4,17,1000,220,780,0.22,0.78,20
Locality-Phases,FIFO,5,17,1000,298,702,0.298,0.702,20
Locality-Phases,LRU,5,17,1000,231,769,0.231,0.769,20
Locality-Phases,OPT,5,17,1000,147,853,0.147,0.853,20
Locality-Phases,FIFO,6,17,1000,225,775,0.225,0.775,20
Locality-Phases,LRU,6,17,1000,158,842,0.158,0.842,20
Locality-Phases,OPT,6,17,1000,103,897,0.103,0.897,20
Locality-Phases,FIFO,7,17,1000,170,830,0.17,0.83,20
Locality-Phases,LRU,7,17,1000,120,880,0.12,0.88,20
Locality-Phases,OPT,7,17,1000,81,919,0.081,0.919,20
Locality-Phases,FIFO,8,17,1000,142,858,0.142,0.858,20
Locality-Phases,LRU,8,17,1000,96,904,0.096,0.904,20
Locality-Phases,OPT,8,17,1000,67,933,0.067,0.933,20
Locality-Phases,FIFO,10,17,1000,97,903,0.097,0.903,20
Locality-Phases,LRU,10,17,1000,77,923,0.077,0.923,20
Locality-Phases,OPT,10,17,1000,50,950,0.05,0.95,20
Locality-Phases,FIFO,12,17,1000,84,916,0.084,0.916,20
Locality-Phases,LRU,12,17,1000,62,938,0.062,0.938,20
Locality-Phases,OPT,12,17,1000,38,962,0.038,0.962,20
Locality-Phases,FIFO,3,18,1000,498,502,0.498,0.502,20
Locality-Phases,LRU,3,18,1000,502,498,0.502,0.498,20
Locality-Phases,OPT,3,18,1000,318,682,0.318,0.682,20
Locality-Phases,FIFO,4,18,1000,378,622,0.378,0.622,20
Locality-Phases,LRU,4,18,1000,339,661,0.339,0.661,20
Locality-Phases,OPT,4,18,1000,206,794,0.206,0.794,20
Locality-Phases,FIFO,5,18,1000,255,745,0.255,0.745,20
Locality-Phases,LRU,5,18,1000,213,787,0.213,0.787,20
Locality-Phases,OPT,5,18,1000,130,870,0.13,0.87,20
Locality-Phases,FIFO,6,18,1000,197,803,0.197,0.803,20
Locality-Phases,LRU,6,18,1000,141,859,0.141,0.859,20
Locality-Phases,OPT,6,18,1000,96,904,0.096,0.904,20
Locality-Phases,FIFO,7,18,1000,165,835,0.165,0.835,20
Locality-Phases,LRU,7,18,1000,111,889,0.111,0.889,20
Locality-Phases,OPT,7,18,1000,80,920,0.08,0.92,20
Locality-Phases,FIFO,8,18,1000,139,861,0.139,0.861,20
Locality-Phases,LRU,8,18,1000,90,910,0.09,0.91,20
Locality-Phases,OPT,8,18,1000,67,933,0.067,0.933,20
Locality-Phases,FIFO,10,18,1000,99,901,0.099,0.901,20
Locality-Phases,LRU,10,18,1000,77,923,0.077,0.923,20
Locality-Phases,OPT,10,18,1000,50,950,0.05,0.95,20
Locality-Phases,FIFO,12,18,1000,68,932,0.068,0.932,20
Locality-Phases,LRU,12,18,1000,57,943,0.057,0.943,20
Locality-Phases,OPT,12,18,1000,37,963,0.037,0.963,20
Locality-Phases,FIFO,3,19,1000,502,498,0.502,0.498,20
Locality-Phases,LRU,3,19,1000,490,510,0.49,0.51,20
Locality-Phases,OPT,3,19,1000,328,672,0.328,0.672,20
Locality-Phases,FIFO,4,19,1000,372,628,0.372,0.628,20
Locality-Phases,LRU,4,19,1000,331,669,0.331,0.669,20
Locality-Phases,OPT,4,19,1000,209,791,0.209,0.791,20
Locality-Phases,FIFO,5,19,1000,266,734,0.266,0.734,20
Locality-Phases,LRU,5,19,1000,215,785,0.215,0.785,20
Locality-Phases,OPT,5,19,1000,139,861,0.139,0.861,20
Locality-Phases,FIFO,6,19,1000,199,801,0.199,0.801,20
Locality-Phases,LRU,6,19,1000,145,855,0.145,0.855,20
Locality-Phases,OPT,6,19,1000,100,900,0.1,0.9,20
Locality-Phases,FIFO,7,19,1000,172,828,0.172,0.828,20
Locality-Phases,LRU,7,19,1000,115,885,0.115,0.885,20
Locality-Phases,OPT,7,19,1000,84,916,0.084,0.916,20
Locality-Phases,FIFO,8,19,1000,149,851,0.149,0.851,20
Locality-Phases,LRU,8,19,1000,103,897,0.103,0.897,20
Locality-Phases,OPT,8,19,1000,73,927,0.073,0.927,20
Locality-Phases,FIFO,10,19,1000,110,890,0.11,0.89,20
Locality-Phases,LRU,10,19,1000,90,910,0.09,0.91,20
Locality-Phases,OPT,10,19,1000,57,943,0.057,0.943,20
Locality-Phases,FIFO,12,19,1000,84,916,0.084,0.916,20
Locality-Phases,LRU,12,19,1000,71,929,0.071,0.929,20
Locality-Phases,OPT,12,19,1000,44,956,0.044,0.956,20
Locality-Phases,FIFO,3,20,1000,520,480,0.52,0.48,20
Locality-Phases,LRU,3,20,1000,509,491,0.509,0.491,20
Locality-Phases,OPT,3,20,1000,330,670,0.33,0.67,20
Locality-Phases,FIFO,4,20,1000,388,612,0.388,0.612,20
Locality-Phases,LRU,4,20,1000,353,647,0.353,0.647,20
Locality-Phases,OPT,4,20,1000,215,785,0.215,0.785,20
Locality-Phases,FIFO,5,20,1000,283,717,0.283,0.717,20
Locality-Phases,LRU,5,20,1000,228,772,0.228,0.772,20
Locality-Phases,OPT,5,20,1000,142,858,0.142,0.858,20
Locality-Phases,FIFO,6,20,1000,224,776,0.224,0.776,20
Locality-Phases,LRU,6,20,1000,151,849,0.151,0.849,20
Locality-Phases,OPT,6,20,1000,104,896,0.104,0.896,20
Locality-Phases,FIFO,7,20,1000,181,819,0.181,0.819,20
Locality-Phases,LRU,7,20,1000,121,879,0.121,0.879,20
Locality-Phases,OPT,7,20,1000,86,914,0.086,0.914,20
Locality-Phases,FIFO,8,20,1000,149,851,0.149,0.851,20
Locality-Phases,LRU,8,20,1000,107,893,0.107,0.893,20
Locality-Phases,OPT,8,20,1000,73,927,0.073,0.927,20
Locality-Phases,FIFO,10,20,1000,117,883,0.117,0.883,20
Locality-Phases,LRU,10,20,1000,81,919,0.081,0.919,20
Locality-Phases,OPT,10,20,1000,55,945,0.055,0.945,20
Locality-Phases,FIFO,12,20,1000,90,910,0.09,0.91,20
Locality-Phases,LRU,12,20,1000,69,931,0.069,0.931,20
Locality-Phases,OPT,12,20,1000,43,957,0.043,0.957,20
Locality-Phases,FIFO,3,21,1000,518,482,0.518,0.482,20
Locality-Phases,LRU,3,21,1000,500,500,0.5,0.5,20
Locality-Phases,OPT,3,21,1000,328,672,0.328,0.672,20
Locality-Phases,FIFO,4,21,1000,394,606,0.394,0.606,20
Locality-Phases,LRU,4,21,1000,360,640,0.36,0.64,20
Locality-Phases,OPT,4,21,1000,214,786,0.214,0.786,20
Locality-Phases,FIFO,5,21,1000,272,728,0.272,0.728,20
Locality-Phases,LRU,5,21,1000,224,776,0.224,0.776,20
Locality-Phases,OPT,5,21,1000,136,864,0.136,0.864,20
Locality-Phases,FIFO,6,21,1000,200,800,0.2,0.8,20
Locality-Phases,LRU,6,21,1000,140,860,0.14,0.86,20
Locality-Phases,OPT,6,21,1000,96,904,0.096,0.904,20
Locality-Phases,FIFO,7,21,1000,155,845,0.155,0.845,20
Locality-Phases,LRU,7,21,1000,106,894,0.106,0.894,20
Locality-Phases,OPT,7,21,1000,77,923,0.077,0.923,20
Locality-Phases,FIFO,8,21,1000,122,878,0.122,0.878,20
Locality-Phases,LRU,8,21,1000,89,911,0.089,0.911,20
Locality-Phases,OPT,8,21,1000,63,937,0.063,0.937,20
Locality-Phases,FIFO,10,21,1000,82,918,0.082,0.918,20
Locality-Phases,LRU,10,21,1000,70,930,0.07,0.93,20
Locality-Phases,OPT,10,21,1000,45,955,0.045,0.955,20
Locality-Phases,FIFO,12,21,1000,72,928,0.072,0.928,20
Locality-Phases,LRU,12,21,1000,52,948,0.052,0.948,20
Locality-Phases,OPT,12,21,1000,34,966,0.034,0.966,20
Locality-Phases,FIFO,3,22,1000,502,498,0.502,0.498,20
Locality-Phases,LRU,3,22,1000,504,496,0.504,0.496,20
Locality-Phases,OPT,3,22,1000,327,673,0.327,0.673,20
Locality-Phases,FIFO,4,22,1000,381,619,0.381,0.619,20
Locality-Phases,LRU,4,22,1000,354,646,0.354,0.646,20
Locality-Phases,OPT,4,22,1000,200,800,0.2,0.8,20
Locality-Phases,FIFO,5,22,1000,257,743,0.257,0.743,20
Locality-Phases,LRU,5,22,1000,207,793,0.207,0.793,20
Locality-Phases,OPT,5,22,1000,127,873,0.127,0.873,20
Locality-Phases,FIFO,6,22,1000,189,811,0.189,0.811,20
Locality-Phases,LRU,6,22,1000,136,864,0.136,0.864,20
Locality-Phases,OPT,6,22,1000,91,909,0.091,0.909,20
Locality-Phases,FIFO,7,22,1000,162,838,0.162,0.838,20
Locality-Phases,LRU,7,22,1000,106,894,0.106,0.894,20
Locality-Phases,OPT,7,22,1000,74,926,0.074,0.926,20
Locality-Phases,FIFO,8,22,1000,136,864,0.136,0.864,20
Locality-Phases,LRU,8,22,1000,89,911,0.089,0.911,20
Locality-Phases,OPT,8,22,1000,61,939,0.061,0.939,20
Locality-Phases,FIFO,10,22,1000,90,910,0.09,0.91,20
Locality-Phases,LRU,10,22,1000,72,928,0.072,0.928,20
Locality-Phases,OPT,10,22,1000,46,954,0.046,0.954,20
Locality-Phases,FIFO,12,22,1000,69,931,0.069,0.931,20
Locality-Phases,LRU,12,22,1000,62,938,0.062,0.938,20
Locality-Phases,OPT,12,22,1000,37,963,0.037,0.963,20
Locality-Phases,FIFO,3,23,1000,520,480,0.52,0.48,20
Locality-Phases,LRU,3,23,1000,509,491,0.509,0.491,20
Locality-Phases,OPT,3,23,1000,331,669,0.331,0.669,20
Locality-Phases,FIFO,4,23,1000,389,611,0.389,0.611,20
Locality-Phases,LRU,4,23,1000,367,633,0.367,0.633,20
Locality-Phases,OPT,4,23,1000,217,783,0.217,0.783,20
Locality-Phases,FIFO,5,23,1000,262,738,0.262,0.738,20
Locality-Phases,LRU,5,23,1000,221,779,0.221,0.779,20
Locality-Phases,OPT,5,23,1000,136,864,0.136,0.864,20
Locality-Phases,FIFO,6,23,1000,207,793,0.207,0.793,20
Locality-Phases,LRU,6,23,1000,148,852,0.148,0.852,20
Locality-Phases,OPT,6,23,1000,96,904,0.096,0.904,20
Locality-Phases,FIFO,7,23,1000,157,843,0.157,0.843,20
Locality-Phases,LRU,7,23,1000,103,897,0.103,0.897,20
Locality-Phases,OPT,7,23,1000,76,924,0.076,0.924,20
Locality-Phases,FIFO,8,23,1000,128,872,0.128,0.872,20
Locality-Phases,LRU,8,23,1000,88,912,0.088,0.912,20
Locality-Phases,OPT,8,23,1000,64,936,0.064,0.936,20
Locality-Phases,FIFO,10,23,1000,89,911,0.089,0.911,20
Locality-Phases,LRU,10,23,1000,74,926,0.074,0.926,20
Locality-Phases,OPT,10,23,1000,48,952,0.048,0.952,20
Locality-Phases,FIFO,12,23,1000,75,925,0.075,0.925,20
Locality-Phases,LRU,12,23,1000,60,940,0.06,0.94,20
Locality-Phases,OPT,12,23,1000,37,963,0.037,0.963,20
Locality-Phases,FIFO,3,24,1000,525,475,0.525,0.475,20
Locality-Phases,LRU,3,24,1000,518,482,0.518,0.482,20
Locality-Phases,OPT,3,24,1000,339,661,0.339,0.661,20
Locality-Phases,FIFO,4,24,1000,402,598,0.402,0.598,20
Locality-Phases,LRU,4,24,1000,382,618,0.382,0.618,20
Locality-Phases,OPT,4,24,1000,225,775,0.225,0.775,20
Locality-Phases,FIFO,5,24,1000,295,705,0.295,0.705,20
Locality-Phases,LRU,5,24,1000,250,750,0.25,0.75,20
Locality-Phases,OPT,5,24,1000,150,850,0.15,0.85,20
Locality-Phases,FIFO,6,24,1000,229,771,0.229,0.771,20
Locality-Phases,LRU,6,24,1000,168,832,0.168,0.832,20
Locality-Phases,OPT,6,24,1000,110,890,0.11,0.89,20
Locality-Phases,FIFO,7,24,1000,188,812,0.188,0.812,20
Locality-Phases,LRU,7,24,1000,121,879,0.121,0.879,20
Locality-Phases,OPT,7,24,1000,90,910,0.09,0.91,20
Locality-Phases,FIFO,8,24,1000,161,839,0.161,0.839,20
Locality-Phases,LRU,8,24,1000,112,888,0.112,0.888,20
Locality-Phases,OPT,8,24,1000,78,922,0.078,0.922,20
Locality-Phases,FIFO,10,24,1000,122,878,0.122,0.878,20
Locality-Phases,LRU,10,24,1000,94,906,0.094,0.906,20
Locality-Phases,OPT,10,24,1000,59,941,0.059,0.941,20
Locality-Phases,FIFO,12,24,1000,101,899,0.101,0.899,20
Locality-Phases,LRU,12,24,1000,83,917,0.083,0.917,20
Locality-Phases,OPT,12,24,1000,45,955,0.045,0.955,20
Locality-Phases,FIFO,3,25,1000,516,484,0.516,0.484,20
Locality-Phases,LRU,3,25,1000,503,497,0.503,0.497,20
Locality-Phases,OPT,3,25,1000,328,672,0.328,0.672,20
Locality-Phases,FIFO,4,25,1000,370,630,0.37,0.63,20
Locality-Phases,LRU,4,25,1000,349,651,0.349,0.651,20
Locality-Phases,OPT,4,25,1000,210,790,0.21,0.79,20
Locality-Phases,FIFO,5,25,1000,276,724,0.276,0.724,20
Locality-Phases,LRU,5,25,1000,228,772,0.228,0.772,20
Locality-Phases,OPT,5,25,1000,137,863,0.137,0.863,20
Locality-Phases,FIFO,6,25,1000,202,798,0.202,0.798,20
Locality-Phases,LRU,6,25,1000,151,849,0.151,0.849,20
Locality-Phases,OPT,6,25,1000,99,901,0.099,0.901,20
Locality-Phases,FIFO,7,25,1000,167,833,0.167,0.833,20
Locality-Phases,LRU,7,25,1000,115,885,0.115,0.885,20
Locality-Phases,OPT,7,25,1000,82,918,0.082,0.918,20
Locality-Phases,FIFO,8,25,1000,137,863,0.137,0.863,20
Locality-Phases,LRU,8,25,1000,103,897,0.103,0.897,20
Locality-Phases,OPT,8,25,1000,71,929,0.071,0.929,20
Locality-Phases,FIFO,10,25,1000,103,897,0.103,0.897,20
Locality-Phases,LRU,10,25,1000,81,919,0.081,0.919,20
Locality-Phases,OPT,10,25,1000,54,946,0.054,0.946,20
Locality-Phases,FIFO,12,25,1000,74,926,0.074,0.926,20
Locality-Phases,LRU,12,25,1000,73,927,0.073,0.927,20
Locality-Phases,OPT,12,25,1000,42,958,0.042,0.958,20
Locality-Phases,FIFO,3,26,1000,522,478,0.522,0.478,20
Locality-Phases,LRU,3,26,1000,506,494,0.506,0.494,20
Locality-Phases,OPT,3,26,1000,332,668,0.332,0.668,20
Locality-Phases,FIFO,4,26,1000,387,613,0.387,0.613,20
Locality-Phases,LRU,4,26,1000,377,623,0.377,0.623,20
Locality-Phases,OPT,4,26,1000,220,780,0.22,0.78,20
Locality-Phases,FIFO,5,26,1000,299,701,0.299,0.701,20
Locality-Phases,LRU,5,26,1000,245,755,0.245,0.755,20
Locality-Phases,OPT,5,26,1000,147,853,0.147,0.853,20
Locality-Phases,FIFO,6,26,1000,224,776,0.224,0.776,20
Locality-Phases,LRU,6,26,1000,168,832,0.168,0.832,20
Locality-Phases,OPT,6,26,1000,109,891,0.109,0.891,20
Locality-Phases,FIFO,7,26,1000,188,812,0.188,0.812,20
Locality-Phases,LRU,7,26,1000,128,872,0.128,0.872,20
Locality-Phases,OPT,7,26,1000,90,910,0.09,0.91,20
Locality-Phases,FIFO,8,26,1000,161,839,0.161,0.839,20
Locality-Phases,LRU,8,26,1000,111,889,0.111,0.889,20
Locality-Phases,OPT,8,26,1000,77,923,0.077,0.923,20
Locality-Phases,FIFO,10,26,1000,113,887,0.113,0.887,20
Locality-Phases,LRU,10,26,1000,87,913,0.087,0.913,20
Locality-Phases,OPT,10,26,1000,58,942,0.058,0.942,20
Locality-Phases,FIFO,12,26,1000,92,908,0.092,0.908,20
Locality-Phases,LRU,12,26,1000,75,925,0.075,0.925,20
Locality-Phases,OPT,12,26,1000,45,955,0.045,0.955,20
Locality-Phases,FIFO,3,27,1000,515,485,0.515,0.485,20
Locality-Phases,LRU,3,27,1000,503,497,0.503,0.497,20
Locality-Phases,OPT,3,27,1000,319,681,0.319,0.681,20
Locality-Phases,FIFO,4,27,1000,378,622,0.378,0.622,20
Locality-Phases,LRU,4,27,1000,348,652,0.348,0.652,20
Locality-Phases,OPT,4,27,1000,203,797,0.203,0.797,20
Locality-Phases,FIFO,5,27,1000,256,744,0.256,0.744,20
Locality-Phases,LRU,5,27,1000,208,792,0.208,0.792,20
Locality-Phases,OPT,5,27,1000,127,873,0.127,0.873,20
Locality-Phases,FIFO,6,27,1000,203,797,0.203,0.797,20
Locality-Phases,LRU,6,27,1000,142,858,0.142,0.858,20
Locality-Phases,OPT,6,27,1000,94,906,0.094,0.906,20
Locality-Phases,FIFO,7,27,1000,153,847,0.153,0.847,20
Locality-Phases,LRU,7,27,1000,112,888,0.112,0.888,20
Locality-Phases,OPT,7,27,1000,79,921,0.079,0.921,20
Locality-Phases,FIFO,8,27,1000,134,866,0.134,0.866,20
Locality-Phases,LRU,8,27,1000,91,909,0.091,0.909,20
Locality-Phases,OPT,8,27,1000,67,933,0.067,0.933,20
Locality-Phases,FIFO,10,27,1000,100,900,0.1,0.9,20
Locality-Phases,LRU,10,27,1000,79,921,0.079,0.921,20
Locality-Phases,OPT,10,27,1000,51,949,0.051,0.949,20
Locality-Phases,FIFO,12,27,1000,75,925,0.075,0.925,20
Locality-Phases,LRU,12,27,1000,66,934,0.066,0.934,20
Locality-Phases,OPT,12,27,1000,39,961,0.039,0.961,20
Locality-Phases,FIFO,3,28,1000,503,497,0.503,0.497,20
Locality-Phases,LRU,3,28,1000,489,511,0.489,0.511,20
Locality-Phases,OPT,3,28,1000,325,675,0.325,0.675,20
Locality-Phases,FIFO,4,28,1000,377,623,0.377,0.623,20
Locality-Phases,LRU,4,28,1000,345,655,0.345,0.655,20
Locality-Phases,OPT,4,28,1000,208,792,0.208,0.792,20
Locality-Phases,FIFO,5,28,1000,257,743,0.257,0.743,20
Locality-Phases,LRU,5,28,1000,216,784,0.216,0.784,20
Locality-Phases,OPT,5,28,1000,134,866,0.134,0.866,20
Locality-Phases,FIFO,6,28,1000,209,791,0.209,0.791,20
Locality-Phases,LRU,6,28,1000,141,859,0.141,0.859,20
Locality-Phases,OPT,6,28,1000,98,902,0.098,0.902,20
Locality-Phases,FIFO,7,28,1000,176,824,0.176,0.824,20
Locality-Phases,LRU,7,28,1000,109,891,0.109,0.891,20
Locality-Phases,OPT,7,28,1000,81,919,0.081,0.919,20
Locality-Phases,FIFO,8,28,1000,149,851,0.149,0.851,20
Locality-Phases,LRU,8,28,1000,96,904,0.096,0.904,20
Locality-Phases,OPT,8,28,1000,70,930,0.07,0.93,20
Locality-Phases,FIFO,10,28,1000,105,895,0.105,0.895,20
Locality-Phases,LRU,10,28,1000,85,915,0.085,0.915,20
Locality-Phases,OPT,10,28,1000,55,945,0.055,0.945,20
Locality-Phases,FIFO,12,28,1000,85,915,0.085,0.915,20
Locality-Phases,LRU,12,28,1000,73,927,0.073,0.927,20
Locality-Phases,OPT,12,28,1000,44,956,0.044,0.956,20
Locality-Phases,FIFO,3,29,1000,510,490,0.51,0.49,20
Locality-Phases,LRU,3,29,1000,487,513,0.487,0.513,20
Locality-Phases,OPT,3,29,1000,328,672,0.328,0.672,20
Locality-Phases,FIFO,4,29,1000,397,603,0.397,0.603,20
Locality-Phases,LRU,4,29,1000,343,657,0.343,0.657,20
Locality-Phases,OPT,4,29,1000,213,787,0.213,0.787,20
Locality-Phases,FIFO,5,29,1000,265,735,0.265,0.735,20
Locality-Phases,LRU,5,29,1000,225,775,0.225,0.775,20
Locality-Phases,OPT,5,29,1000,135,865,0.135,0.865,20
Locality-Phases,FIFO,6,29,1000,205,795,0.205,0.795,20
Locality-Phases,LRU,6,29,1000,151,849,0.151,0.849,20
Locality-Phases,OPT,6,29,1000,99,901,0.099,0.901,20
Locality-Phases,FIFO,7,29,1000,173,827,0.173,0.827,20
Locality-Phases,LRU,7,29,1000,117,883,0.117,0.883,20
Locality-Phases,OPT,7,29,1000,80,920,0.08,0.92,20
Locality-Phases,FIFO,8,29,1000,145,855,0.145,0.855,20
Locality-Phases,LRU,8,29,1000,100,900,0.1,0.9,20
Locality-Phases,OPT,8,29,1000,67,933,0.067,0.933,20
Locality-Phases,FIFO,10,29,1000,101,899,0.101,0.899,20
Locality-Phases,LRU,10,29,1000,82,918,0.082,0.918,20
Locality-Phases,OPT,10,29,1000,49,951,0.049,0.951,20
Locality-Phases,FIFO,12,29,1000,70,930,0.07,0.93,20
Locality-Phases,LRU,12,29,1000,68,932,0.068,0.932,20
Locality-Phases,OPT,12,29,1000,37,963,0.037,0.963,20
Locality-Phases,FIFO,3,30,1000,515,485,0.515,0.485,20
Locality-Phases,LRU,3,30,1000,491,509,0.491,0.509,20
Locality-Phases,OPT,3,30,1000,324,676,0.324,0.676,20
Locality-Phases,FIFO,4,30,1000,381,619,0.381,0.619,20
Locality-Phases,LRU,4,30,1000,341,659,0.341,0.659,20
Locality-Phases,OPT,4,30,1000,203,797,0.203,0.797,20
Locality-Phases,FIFO,5,30,1000,267,733,0.267,0.733,20
Locality-Phases,LRU,5,30,1000,216,784,0.216,0.784,20
Locality-Phases,OPT,5,30,1000,128,872,0.128,0.872,20
Locality-Phases,FIFO,6,30,1000,186,814,0.186,0.814,20
Locality-Phases,LRU,6,30,1000,133,867,0.133,0.867,20
Locality-Phases,OPT,6,30,1000,93,907,0.093,0.907,20
Locality-Phases,FIFO,7,30,1000,160,840,0.16,0.84,20
Locality-Phases,LRU,7,30,1000,102,898,0.102,0.898,20
Locality-Phases,OPT,7,30,1000,76,924,0.076,0.924,20
Locality-Phases,FIFO,8,30,1000,132,868,0.132,0.868,20
Locality-Phases,LRU,8,30,1000,89,911,0.089,0.911,20
Locality-Phases,OPT,8,30,1000,66,934,0.066,0.934,20
Locality-Phases,FIFO,10,30,1000,99,901,0.099,0.901,20
Locality-Phases,LRU,10,30,1000,77,923,0.077,0.923,20
Locality-Phases,OPT,10,30,1000,52,948,0.052,0.948,20
Locality-Phases,FIFO,12,30,1000,70,930,0.07,0.93,20
Locality-Phases,LRU,12,30,1000,71,929,0.071,0.929,20
Locality-Phases,OPT,12,30,1000,40,960,0.04,0.96,20
Skewed-80/20,FIFO,3,1,1000,551,449,0.551,0.449,20
Skewed-80/20,LRU,3,1,1000,539,461,0.539,0.461,20
Skewed-80/20,OPT,3,1,1000,360,640,0.36,0.64,20
Skewed-80/20,FIFO,4,1,1000,452,548,0.452,0.548,20
Skewed-80/20,LRU,4,1,1000,411,589,0.411,0.589,20
Skewed-80/20,OPT,4,1,1000,261,739,0.261,0.739,20
Skewed-80/20,FIFO,5,1,1000,387,613,0.387,0.613,20
Skewed-80/20,LRU,5,1,1000,319,681,0.319,0.681,20
Skewed-80/20,OPT,5,1,1000,192,808,0.192,0.808,20
Skewed-80/20,FIFO,6,1,1000,323,677,0.323,0.677,20
Skewed-80/20,LRU,6,1,1000,245,755,0.245,0.755,20
Skewed-80/20,OPT,6,1,1000,149,851,0.149,0.851,20
Skewed-80/20,FIFO,7,1,1000,274,726,0.274,0.726,20
Skewed-80/20,LRU,7,1,1000,199,801,0.199,0.801,20
Skewed-80/20,OPT,7,1,1000,121,879,0.121,0.879,20
Skewed-80/20,FIFO,8,1,1000,232,768,0.232,0.768,20
Skewed-80/20,LRU,8,1,1000,161,839,0.161,0.839,20
Skewed-80/20,OPT,8,1,1000,102,898,0.102,0.898,20
Skewed-80/20,FIFO,10,1,1000,174,826,0.174,0.826,20
Skewed-80/20,LRU,10,1,1000,121,879,0.121,0.879,20
Skewed-80/20,OPT,10,1,1000,75,925,0.075,0.925,20
Skewed-80/20,FIFO,12,1,1000,122,878,0.122,0.878,20
Skewed-80/20,LRU,12,1,1000,92,908,0.092,0.908,20
Skewed-80/20,OPT,12,1,1000,56,944,0.056,0.944,20
Skewed-80/20,FIFO,3,2,1000,545,455,0.545,0.455,20
Skewed-80/20,LRU,3,2,1000,519,481,0.519,0.481,20
Skewed-80/20,OPT,3,2,1000,347,653,0.347,0.653,20
Skewed-80/20,FIFO,4,2,1000,439,561,0.439,0.561,20
Skewed-80/20,LRU,4,2,1000,383,617,0.383,0.617,20
Skewed-80/20,OPT,4,2,1000,246,754,0.246,0.754,20
Skewed-80/20,FIFO,5,2,1000,378,622,0.378,0.622,20
Skewed-80/20,LRU,5,2,1000,304,696,0.304,0.696,20
Skewed-80/20,OPT,5,2,1000,182,818,0.182,0.818,20
Skewed-80/20,FIFO,6,2,1000,331,669,0.331,0.669,20
Skewed-80/20,LRU,6,2,1000,234,766,0.234,0.766,20
Skewed-80/20,OPT,6,2,1000,148,852,0.148,0.852,20
Skewed-80/20,FIFO,7,2,1000,281,719,0.281,0.719,20
Skewed-80/20,LRU,7,2,1000,199,801,0.199,0.801,20
Skewed-80/20,OPT,7,2,1000,125,875,0.125,0.875,20
Skewed-80/20,FIFO,8,2,1000,256,744,0.256,0.744,20
Skewed-80/20,LRU,8,2,1000,166,834,0.166,0.834,20
Skewed-80/20,OPT,8,2,1000,105,895,0.105,0.895,20
Skewed-80/20,FIFO,10,2,1000,177,823,0.177,0.823,20
Skewed-80/20,LRU,10,2,1000,129,871,0.129,0.871,20
Skewed-80/20,OPT,10,2,1000,77,923,0.077,0.923,20
Skewed-80/20,FIFO,12,2,1000,135,865,0.135,0.865,20
Skewed-80/20,LRU,12,2,1000,99,901,0.099,0.901,20
Skewed-80/20,OPT,12,2,1000,60,940,0.06,0.94,20
Skewed-80/20,FIFO,3,3,1000,560,440,0.56,0.44,20
Skewed-80/20,LRU,3,3,1000,518,482,0.518,0.482,20
Skewed-80/20,OPT,3,3,1000,357,643,0.357,0.643,20
Skewed-80/20,FIFO,4,3,1000,453,547,0.453,0.547,20
Skewed-80/20,LRU,4,3,1000,416,584,0.416,0.584,20
Skewed-80/20,OPT,4,3,1000,250,750,0.25,0.75,20
Skewed-80/20,FIFO,5,3,1000,389,611,0.389,0.611,20
Skewed-80/20,LRU,5,3,1000,311,689,0.311,0.689,20
Skewed-80/20,OPT,5,3,1000,186,814,0.186,0.814,20
Skewed-80/20,FIFO,6,3,1000,328,672,0.328,0.672,20
Skewed-80/20,LRU,6,3,1000,246,754,0.246,0.754,20
Skewed-80/20,OPT,6,3,1000,154,846,0.154,0.846,20
Skewed-80/20,FIFO,7,3,1000,287,713,0.287,0.713,20
Skewed-80/20,LRU,7,3,1000,207,793,0.207,0.793,20
Skewed-80/20,OPT,7,3,1000,133,867,0.133,0.867,20
Skewed-80/20,FIFO,8,3,1000,262,738,0.262,0.738,20
Skewed-80/20,LRU,8,3,1000,180,820,0.18,0.82,20
Skewed-80/20,OPT,8,3,1000,114,886,0.114,0.886,20
Skewed-80/20,FIFO,10,3,1000,209,791,0.209,0.791,20
Skewed-80/20,LRU,10,3,1000,146,854,0.146,0.854,20
Skewed-80/20,OPT,10,3,1000,84,916,0.084,0.916,20
Skewed-80/20,FIFO,12,3,1000,159,841,0.159,0.841,20
Skewed-80/20,LRU,12,3,1000,120,880,0.12,0.88,20
Skewed-80/20,OPT,12,3,1000,63,937,0.063,0.937,20
Skewed-80/20,FIFO,3,4,1000,579,421,0.579,0.421,20
Skewed-80/20,LRU,3,4,1000,554,446,0.554,0.446,20
Skewed-80/20,OPT,3,4,1000,374,626,0.374,0.626,20
Skewed-80/20,FIFO,4,4,1000,478,522,0.478,0.522,20
Skewed-80/20,LRU,4,4,1000,441,559,0.441,0.559,20
Skewed-80/20,OPT,4,4,1000,266,734,0.266,0.734,20
Skewed-80/20,FIFO,5,4,1000,403,597,0.403,0.597,20
Skewed-80/20,LRU,5,4,1000,345,655,0.345,0.655,20
Skewed-80/20,OPT,5,4,1000,199,801,0.199,0.801,20
Skewed-80/20,FIFO,6,4,1000,331,669,0.331,0.669,20
Skewed-80/20,LRU,6,4,1000,261,739,0.261,0.739,20
Skewed-80/20,OPT,6,4,1000,158,842,0.158,0.842,20
Skewed-80/20,FIFO,7,4,1000,289,711,0.289,0.711,20
Skewed-80/20,LRU,7,4,1000,211,789,0.211,0.789,20
Skewed-80/20,OPT,7,4,1000,131,869,0.131,0.869,20
Skewed-80/20,FIFO,8,4,1000,259,741,0.259,0.741,20
Skewed-80/20,LRU,8,4,1000,180,820,0.18,0.82,20
Skewed-80/20,OPT,8,4,1000,112,888,0.112,0.888,20
Skewed-80/20,FIFO,10,4,1000,195,805,0.195,0.805,20
Skewed-80/20,LRU,10,4,1000,144,856,0.144,0.856,20
Skewed-80/20,OPT,10,4,1000,81,919,0.081,0.919,20
Skewed-80/20,FIFO,12,4,1000,147,853,0.147,0.853,20
Skewed-80/20,LRU,12,4,1000,108,892,0.108,0.892,20
Skewed-80/20,OPT,12,4,1000,61,939,0.061,0.939,20
Skewed-80/20,FIFO,3,5,1000,547,453,0.547,0.453,20
Skewed-80/20,LRU,3,5,1000,521,479,0.521,0.479,20
Skewed-80/20,OPT,3,5,1000,352,648,0.352,0.648,20
Skewed-80/20,FIFO,4,5,1000,444,556,0.444,0.556,20
Skewed-80/20,LRU,4,5,1000,400,600,0.4,0.6,20
Skewed-80/20,OPT,4,5,1000,244,756,0.244,0.756,20
Skewed-80/20,FIFO,5,5,1000,368,632,0.368,0.632,20
Skewed-80/20,LRU,5,5,1000,302,698,0.302,0.698,20
Skewed-80/20,OPT,5,5,1000,181,819,0.181,0.819,20
Skewed-80/20,FIFO,6,5,1000,308,692,0.308,0.692,20
Skewed-80/20,LRU,6,5,1000,239,761,0.239,0.761,20
Skewed-80/20,OPT,6,5,1000,147,853,0.147,0.853,20
Skewed-80/20,FIFO,7,5,1000,270,730,0.27,0.73,20
Skewed-80/20,LRU,7,5,1000,189,811,0.189,0.811,20
Skewed-80/20,OPT,7,5,1000,124,876,0.124,0.876,20
Skewed-80/20,FIFO,8,5,1000,236,764,0.236,0.764,20
Skewed-80/20,LRU,8,5,1000,161,839,0.161,0.839,20
Skewed-80/20,OPT,8,5,1000,104,896,0.104,0.896,20
Skewed-80/20,FIFO,10,5,1000,177,823,0.177,0.823,20
Skewed-80/20,LRU,10,5,1000,125,875,0.125,0.875,20
Skewed-80/20,OPT,10,5,1000,78,922,0.078,0.922,20
Skewed-80/20,FIFO,12,5,1000,141,859,0.141,0.859,20
Skewed-80/20,LRU,12,5,1000,110,890,0.11,0.89,20
Skewed-80/20,OPT,12,5,1000,58,942,0.058,0.942,20
Skewed-80/20,FIFO,3,6,1000,570,430,0.57,0.43,20
Skewed-80/20,LRU,3,6,1000,535,465,0.535,0.465,20
Skewed-80/20,OPT,3,6,1000,361,639,0.361,0.639,20
Skewed-80/20,FIFO,4,6,1000,458,542,0.458,0.542,20
Skewed-80/20,LRU,4,6,1000,405,595,0.405,0.595,20
Skewed-80/20,OPT,4,6,1000,252,748,0.252,0.748,20
Skewed-80/20,FIFO,5,6,1000,373,627,0.373,0.627,20
Skewed-80/20,LRU,5,6,1000,301,699,0.301,0.699,20
Skewed-80/20,OPT,5,6,1000,185,815,0.185,0.815,20
Skewed-80/20,FIFO,6,6,1000,312,688,0.312,0.688,20
Skewed-80/20,LRU,6,6,1000,231,769,0.231,0.769,20
Skewed-80/20,OPT,6,6,1000,143,857,0.143,0.857,20
Skewed-80/20,FIFO,7,6,1000,263,737,0.263,0.737,20
Skewed-80/20,LRU,7,6,1000,189,811,0.189,0.811,20
Skewed-80/20,OPT,7,6,1000,117,883,0.117,0.883,20
Skewed-80/20,FIFO,8,6,1000,227,773,0.227,0.773,20
Skewed-80/20,LRU,8,6,1000,155,845,0.155,0.845,20
Skewed-80/20,OPT,8,6,1000,99,901,0.099,0.901,20
Skewed-80/20,FIFO,10,6,1000,162,838,0.162,0.838,20
Skewed-80/20,LRU,10,6,1000,123,877,0.123,0.877,20
Skewed-80/20,OPT,10,6,1000,72,928,0.072,0.928,20
Skewed-80/20,FIFO,12,6,1000,133,867,0.133,0.867,20
Skewed-80/20,LRU,12,6,1000,94,906,0.094,0.906,20
Skewed-80/20,OPT,12,6,1000,55,945,0.055,0.945,20
Skewed-80/20,FIFO,3,7,1000,561,439,0.561,0.439,20
Skewed-80/20,LRU,3,7,1000,542,458,0.542,0.458,20
Skewed-80/20,OPT,3,7,1000,355,645,0.355,0.645,20
Skewed-80/20,FIFO,4,7,1000,462,538,0.462,0.538,20
Skewed-80/20,LRU,4,7,1000,402,598,0.402,0.598,20
Skewed-80/20,OPT,4,7,1000,246,754,0.246,0.754,20
Skewed-80/20,FIFO,5,7,1000,373,627,0.373,0.627,20
Skewed-80/20,LRU,5,7,1000,310,690,0.31,0.69,20
Skewed-80/20,OPT,5,7,1000,178,822,0.178,0.822,20
Skewed-80/20,FIFO,6,7,1000,319,681,0.319,0.681,20
Skewed-80/20,LRU,6,7,1000,234,766,0.234,0.766,20
Skewed-80/20,OPT,6,7,1000,148,852,0.148,0.852,20
Skewed-80/20,FIFO,7,7,1000,269,731,0.269,0.731,20
Skewed-80/20,LRU,7,7,1000,188,812,0.188,0.812,20
Skewed-80/20,OPT,7,7,1000,125,875,0.125,0.875,20
Skewed-80/20,FIFO,8,7,1000,239,761,0.239,0.761,20
Skewed-80/20,LRU,8,7,1000,160,840,0.16,0.84,20
Skewed-80/20,OPT,8,7,1000,111,889,0.111,0.889,20
Skewed-80/20,FIFO,10,7,1000,194,806,0.194,0.806,20
Skewed-80/20,LRU,10,7,1000,134,866,0.134,0.866,20
Skewed-80/20,OPT,10,7,1000,83,917,0.083,0.917,20
Skewed-80/20,FIFO,12,7,1000,152,848,0.152,0.848,20
Skewed-80/20,LRU,12,7,1000,116,884,0.116,0.884,20
Skewed-80/20,OPT,12,7,1000,60,940,0.06,0.94,20
Skewed-80/20,FIFO,3,8,1000,549,451,0.549,0.451,20
Skewed-80/20,LRU,3,8,1000,541,459,0.541,0.459,20
Skewed-80/20,OPT,3,8,1000,354,646,0.354,0.646,20
Skewed-80/20,FIFO,4,8,1000,444,556,0.444,0.556,20
Skewed-80/20,LRU,4,8,1000,395,605,0.395,0.605,20
Skewed-80/20,OPT,4,8,1000,245,755,0.245,0.755,20
Skewed-80/20,FIFO,5,8,1000,361,639,0.361,0.639,20
Skewed-80/20,LRU,5,8,1000,289,711,0.289,0.711,20
Skewed-80/20,OPT,5,8,1000,178,822,0.178,0.822,20
Skewed-80/20,FIFO,6,8,1000,318,682,0.318,0.682,20
Skewed-80/20,LRU,6,8,1000,236,764,0.236,0.764,20
Skewed-80/20,OPT,6,8,1000,144,856,0.144,0.856,20
Skewed-80/20,FIFO,7,8,1000,258,742,0.258,0.742,20
Skewed-80/20,LRU,7,8,1000,192,808,0.192,0.808,20
Skewed-80/20,OPT,7,8,1000,124,876,0.124,0.876,20
Skewed-80/20,FIFO,8,8,1000,234,766,0.234,0.766,20
Skewed-80/20,LRU,8,8,1000,158,842,0.158,0.842,20
Skewed-80/20,OPT,8,8,1000,108,892,0.108,0.892,20
Skewed-80/20,FIFO,10,8,1000,182,818,0.182,0.818,20
Skewed-80/20,LRU,10,8,1000,131,869,0.131,0.869,20
Skewed-80/20,OPT,10,8,1000,81,919,0.081,0.919,20
Skewed-80/20,FIFO,12,8,1000,143,857,0.143,0.857,20
Skewed-80/20,LRU,12,8,1000,112,888,0.112,0.888,20
Skewed-80/20,OPT,12,8,1000,61,939,0.061,0.939,20
Skewed-80/20,FIFO,3,9,1000,611,389,0.611,0.389,20
Skewed-80/20,LRU,3,9,1000,577,423,0.577,0.423,20
Skewed-80/20,OPT,3,9,1000,399,601,0.399,0.601,20
Skewed-80/20,FIFO,4,9,1000,515,485,0.515,0.485,20
Skewed-80/20,LRU,4,9,1000,456,544,0.456,0.544,20
Skewed-80/20,OPT,4,9,1000,286,714,0.286,0.714,20
Skewed-80/20,FIFO,5,9,1000,438,562,0.438,0.562,20
Skewed-80/20,LRU,5,9,1000,353,647,0.353,0.647,20
Skewed-80/20,OPT,5,9,1000,216,784,0.216,0.784,20
Skewed-80/20,FIFO,6,9,1000,365,635,0.365,0.635,20
Skewed-80/20,LRU,6,9,1000,285,715,0.285,0.715,20
Skewed-80/20,OPT,6,9,1000,176,824,0.176,0.824,20
Skewed-80/20,FIFO,7,9,1000,319,681,0.319,0.681,20
Skewed-80/20,LRU,7,9,1000,234,766,0.234,0.766,20
Skewed-80/20,OPT,7,9,1000,148,852,0.148,0.852,20
Skewed-80/20,FIFO,8,9,1000,282,718,0.282,0.718,20
Skewed-80/20,LRU,8,9,1000,205,795,0.205,0.795,20
Skewed-80/20,OPT,8,9,1000,127,873,0.127,0.873,20
Skewed-80/20,FIFO,10,9,1000,223,777,0.223,0.777,20
Skewed-80/20,LRU,10,9,1000,161,839,0.161,0.839,20
Skewed-80/20,OPT,10,9,1000,95,905,0.095,0.905,20
Skewed-80/20,FIFO,12,9,1000,176,824,0.176,0.824,20
Skewed-80/20,LRU,12,9,1000,130,870,0.13,0.87,20
Skewed-80/20,OPT,12,9,1000,73,927,0.073,0.927,20
Skewed-80/20,FIFO,3,10,1000,562,438,0.562,0.438,20
Skewed-80/20,LRU,3,10,1000,536,464,0.536,0.464,20
Skewed-80/20,OPT,3,10,1000,354,646,0.354,0.646,20
Skewed-80/20,FIFO,4,10,1000,433,567,0.433,0.567,20
Skewed-80/20,LRU,4,10,1000,410,590,0.41,0.59,20
Skewed-80/20,OPT,4,10,1000,247,753,0.247,0.753,20
Skewed-80/20,FIFO,5,10,1000,369,631,0.369,0.631,20
Skewed-80/20,LRU,5,10,1000,314,686,0.314,0.686,20
Skewed-80/20,OPT,5,10,1000,183,817,0.183,0.817,20
Skewed-80/20,FIFO,6,10,1000,318,682,0.318,0.682,20
Skewed-80/20,LRU,6,10,1000,245,755,0.245,0.755,20
Skewed-80/20,OPT,6,10,1000,147,853,0.147,0.853,20
Skewed-80/20,FIFO,7,10,1000,278,722,0.278,0.722,20
Skewed-80/20,LRU,7,10,1000,197,803,0.197,0.803,20
Skewed-80/20,OPT,7,10,1000,122,878,0.122,0.878,20
Skewed-80/20,FIFO,8,10,1000,234,766,0.234,0.766,20
Skewed-80/20,LRU,8,10,1000,164,836,0.164,0.836,20
Skewed-80/20,OPT,8,10,1000,103,897,0.103,0.897,20
Skewed-80/20,FIFO,10,10,1000,190,810,0.19,0.81,20
Skewed-80/20,LRU,10,10,1000,125,875,0.125,0.875,20
Skewed-80/20,OPT,10,10,1000,77,923,0.077,0.923,20
Skewed-80/20,FIFO,12,10,1000,131,869,0.131,0.869,20
Skewed-80/20,LRU,12,10,1000,107,893,0.107,0.893,20
Skewed-80/20,OPT,12,10,1000,58,942,0.058,0.942,20
Skewed-80/20,FIFO,3,11,1000,542,458,0.542,0.458,20
Skewed-80/20,LRU,3,11,1000,538,462,0.538,0.462,20
Skewed-80/20,OPT,3,11,1000,346,654,0.346,0.654,20
Skewed-80/20,FIFO,4,11,1000,425,575,0.425,0.575,20
Skewed-80/20,LRU,4,11,1000,396,604,0.396,0.604,20
Skewed-80/20,OPT,4,11,1000,242,758,0.242,0.758,20
Skewed-80/20,FIFO,5,11,1000,355,645,0.355,0.645,20
Skewed-80/20,LRU,5,11,1000,288,712,0.288,0.712,20
Skewed-80/20,OPT,5,11,1000,172,828,0.172,0.828,20
Skewed-80/20,FIFO,6,11,1000,281,719,0.281,0.719,20
Skewed-80/20,LRU,6,11,1000,215,785,0.215,0.785,20
Skewed-80/20,OPT,6,11,1000,140,860,0.14,0.86,20
Skewed-80/20,FIFO,7,11,1000,243,757,0.243,0.757,20
Skewed-80/20,LRU,7,11,1000,181,819,0.181,0.819,20
Skewed-80/20,OPT,7,11,1000,117,883,0.117,0.883,20
Skewed-80/20,FIFO,8,11,1000,217,783,0.217,0.783,20
Skewed-80/20,LRU,8,11,1000,151,849,0.151,0.849,20
Skewed-80/20,OPT,8,11,1000,101,899,0.101,0.899,20
Skewed-80/20,FIFO,10,11,1000,183,817,0.183,0.817,20
Skewed-80/20,LRU,10,11,1000,121,879,0.121,0.879,20
Skewed-80/20,OPT,10,11,1000,76,924,0.076,0.924,20
Skewed-80/20,FIFO,12,11,1000,134,866,0.134,0.866,20
Skewed-80/20,LRU,12,11,1000,104,896,0.104,0.896,20
Skewed-80/20,OPT,12,11,1000,57,943,0.057,0.943,20
Skewed-80/20,FIFO,3,12,1000,569,431,0.569,0.431,20
Skewed-80/20,LRU,3,12,1000,557,443,0.557,0.443,20
Skewed-80/20,OPT,3,12,1000,372,628,0.372,0.628,20
Skewed-80/20,FIFO,4,12,1000,483,517,0.483,0.517,20
Skewed-80/20,LRU,4,12,1000,430,570,0.43,0.57,20
Skewed-80/20,OPT,4,12,1000,268,732,0.268,0.732,20
Skewed-80/20,FIFO,5,12,1000,386,614,0.386,0.614,20
Skewed-80/20,LRU,5,12,1000,332,668,0.332,0.668,20
Skewed-80/20,OPT,5,12,1000,199,801,0.199,0.801,20
Skewed-80/20,FIFO,6,12,1000,348,652,0.348,0.652,20
Skewed-80/20,LRU,6,12,1000,271,729,0.271,0.729,20
Skewed-80/20,OPT,6,12,1000,162,838,0.162,0.838,20
Skewed-80/20,FIFO,7,12,1000,308,692,0.308,0.692,20
Skewed-80/20,LRU,7,12,1000,226,774,0.226,0.774,20
Skewed-80/20,OPT,7,12,1000,137,863,0.137,0.863,20
Skewed-80/20,FIFO,8,12,1000,269,731,0.269,0.731,20
Skewed-80/20,LRU,8,12,1000,186,814,0.186,0.814,20
Skewed-80/20,OPT,8,12,1000,117,883,0.117,0.883,20
Skewed-80/20,FIFO,10,12,1000,205,795,0.205,0.795,20
Skewed-80/20,LRU,10,12,1000,145,855,0.145,0.855,20
Skewed-80/20,OPT,10,12,1000,87,913,0.087,0.913,20
Skewed-80/20,FIFO,12,12,1000,154,846,0.154,0.846,20
Skewed-80/20,LRU,12,12,1000,117,883,0.117,0.883,20
Skewed-80/20,OPT,12,12,1000,65,935,0.065,0.935,20
Skewed-80/20,FIFO,3,13,1000,572,428,0.572,0.428,20
Skewed-80/20,LRU,3,13,1000,548,452,0.548,0.452,20
Skewed-80/20,OPT,3,13,1000,358,642,0.358,0.642,20
Skewed-80/20,FIFO,4,13,1000,457,543,0.457,0.543,20
Skewed-80/20,LRU,4,13,1000,419,581,0.419,0.581,20
Skewed-80/20,OPT,4,13,1000,248,752,0.248,0.752,20
Skewed-80/20,FIFO,5,13,1000,374,626,0.374,0.626,20
Skewed-80/20,LRU,5,13,1000,309,691,0.309,0.691,20
Skewed-80/20,OPT,5,13,1000,179,821,0.179,0.821,20
Skewed-80/20,FIFO,6,13,1000,327,673,0.327,0.673,20
Skewed-80/20,LRU,6,13,1000,226,774,0.226,0.774,20
Skewed-80/20,OPT,6,13,1000,143,857,0.143,0.857,20
Skewed-80/20,FIFO,7,13,1000,276,724,0.276,0.724,20
Skewed-80/20,LRU,7,13,1000,186,814,0.186,0.814,20
Skewed-80/20,OPT,7,13,1000,121,879,0.121,0.879,20
Skewed-80/20,FIFO,8,13,1000,240,760,0.24,0.76,20
Skewed-80/20,LRU,8,13,1000,164,836,0.164,0.836,20
Skewed-80/20,OPT,8,13,1000,105,895,0.105,0.895,20
Skewed-80/20,FIFO,10,13,1000,185,815,0.185,0.815,20
Skewed-80/20,LRU,10,13,1000,127,873,0.127,0.873,20
Skewed-80/20,OPT,10,13,1000,80,920,0.08,0.92,20
Skewed-80/20,FIFO,12,13,1000,143,857,0.143,0.857,20
Skewed-80/20,LRU,12,13,1000,104,896,0.104,0.896,20
Skewed-80/20,OPT,12,13,1000,60,940,0.06,0.94,20
Skewed-80/20,FIFO,3,14,1000,519,481,0.519,0.481,20
Skewed-80/20,LRU,3,14,1000,499,501,0.499,0.501,20
Skewed-80/20,OPT,3,14,1000,334,666,0.334,0.666,20
Skewed-80/20,FIFO,4,14,1000,422,578,0.422,0.578,20
Skewed-80/20,LRU,4,14,1000,368,632,0.368,0.632,20
Skewed-80/20,OPT,4,14,1000,229,771,0.229,0.771,20
Skewed-80/20,FIFO,5,14,1000,353,647,0.353,0.647,20
Skewed-80/20,LRU,5,14,1000,283,717,0.283,0.717,20
Skewed-80/20,OPT,5,14,1000,166,834,0.166,0.834,20
Skewed-80/20,FIFO,6,14,1000,297,703,0.297,0.703,20
Skewed-80/20,LRU,6,14,1000,219,781,0.219,0.781,20
Skewed-80/20,OPT,6,14,1000,139,861,0.139,0.861,20
Skewed-80/20,FIFO,7,14,1000,260,740,0.26,0.74,20
Skewed-80/20,LRU,7,14,1000,180,820,0.18,0.82,20
Skewed-80/20,OPT,7,14,1000,119,881,0.119,0.881,20
Skewed-80/20,FIFO,8,14,1000,228,772,0.228,0.772,20
Skewed-80/20,LRU,8,14,1000,153,847,0.153,0.847,20
Skewed-80/20,OPT,8,14,1000,103,897,0.103,0.897,20
Skewed-80/20,FIFO,10,14,1000,175,825,0.175,0.825,20
Skewed-80/20,LRU,10,14,1000,124,876,0.124,0.876,20
Skewed-80/20,OPT,10,14,1000,79,921,0.079,0.921,20
Skewed-80/20,FIFO,12,14,1000,152,848,0.152,0.848,20
Skewed-80/20,LRU,12,14,1000,109,891,0.109,0.891,20
Skewed-80/20,OPT,12,14,1000,60,940,0.06,0.94,20
Skewed-80/20,FIFO,3,15,1000,562,438,0.562,0.438,20
Skewed-80/20,LRU,3,15,1000,542,458,0.542,0.458,20
Skewed-80/20,OPT,3,15,1000,373,627,0.373,0.627,20
Skewed-80/20,FIFO,4,15,1000,466,534,0.466,0.534,20
Skewed-80/20,LRU,4,15,1000,437,563,0.437,0.563,20
Skewed-80/20,OPT,4,15,1000,270,730,0.27,0.73,20
Skewed-80/20,FIFO,5,15,1000,391,609,0.391,0.609,20
Skewed-80/20,LRU,5,15,1000,336,664,0.336,0.664,20
Skewed-80/20,OPT,5,15,1000,200,800,0.2,0.8,20
Skewed-80/20,FIFO,6,15,1000,341,659,0.341,0.659,20
Skewed-80/20,LRU,6,15,1000,272,728,0.272,0.728,20
Skewed-80/20,OPT,6,15,1000,161,839,0.161,0.839,20
Skewed-80/20,FIFO,7,15,1000,294,706,0.294,0.706,20
Skewed-80/20,LRU,7,15,1000,224,776,0.224,0.776,20
Skewed-80/20,OPT,7,15,1000,134,866,0.134,0.866,20
Skewed-80/20,FIFO,8,15,1000,254,746,0.254,0.746,20
Skewed-80/20,LRU,8,15,1000,187,813,0.187,0.813,20
Skewed-80/20,OPT,8,15,1000,111,889,0.111,0.889,20
Skewed-80/20,FIFO,10,15,1000,204,796,0.204,0.796,20
Skewed-80/20,LRU,10,15,1000,140,860,0.14,0.86,20
Skewed-80/20,OPT,10,15,1000,82,918,0.082,0.918,20
Skewed-80/20,FIFO,12,15,1000,151,849,0.151,0.849,20
Skewed-80/20,LRU,12,15,1000,108,892,0.108,0.892,20
Skewed-80/20,OPT,12,15,1000,61,939,0.061,0.939,20
Skewed-80/20,FIFO,3,16,1000,561,439,0.561,0.439,20
Skewed-80/20,LRU,3,16,1000,534,466,0.534,0.466,20
Skewed-80/20,OPT,3,16,1000,364,636,0.364,0.636,20
Skewed-80/20,FIFO,4,16,1000,475,525,0.475,0.525,20
Skewed-80/20,LRU,4,16,1000,422,578,0.422,0.578,20
Skewed-80/20,OPT,4,16,1000,264,736,0.264,0.736,20
Skewed-80/20,FIFO,5,16,1000,389,611,0.389,0.611,20
Skewed-80/20,LRU,5,16,1000,315,685,0.315,0.685,20
Skewed-80/20,OPT,5,16,1000,197,803,0.197,0.803,20
Skewed-80/20,FIFO,6,16,1000,333,667,0.333,0.667,20
Skewed-80/20,LRU,6,16,1000,253,747,0.253,0.747,20
Skewed-80/20,OPT,6,16,1000,160,840,0.16,0.84,20
Skewed-80/20,FIFO,7,16,1000,290,710,0.29,0.71,20
Skewed-80/20,LRU,7,16,1000,207,793,0.207,0.793,20
Skewed-80/20,OPT,7,16,1000,133,867,0.133,0.867,20
Skewed-80/20,FIFO,8,16,1000,252,748,0.252,0.748,20
Skewed-80/20,LRU,8,16,1000,182,818,0.182,0.818,20
Skewed-80/20,OPT,8,16,1000,113,887,0.113,0.887,20
Skewed-80/20,FIFO,10,16,1000,193,807,0.193,0.807,20
Skewed-80/20,LRU,10,16,1000,136,864,0.136,0.864,20
Skewed-80/20,OPT,10,16,1000,84,916,0.084,0.916,20
Skewed-80/20,FIFO,12,16,1000,155,845,0.155,0.845,20
Skewed-80/20,LRU,12,16,1000,113,887,0.113,0.887,20
Skewed-80/20,OPT,12,16,1000,64,936,0.064,0.936,20
Skewed-80/20,FIFO,3,17,1000,545,455,0.545,0.455,20
Skewed-80/20,LRU,3,17,1000,517,483,0.517,0.483,20
Skewed-80/20,OPT,3,17,1000,355,645,0.355,0.645,20
Skewed-80/20,FIFO,4,17,1000,443,557,0.443,0.557,20
Skewed-80/20,LRU,4,17,1000,401,599,0.401,0.599,20
Skewed-80/20,OPT,4,17,1000,248,752,0.248,0.752,20
Skewed-80/20,FIFO,5,17,1000,381,619,0.381,0.619,20
Skewed-80/20,LRU,5,17,1000,321,679,0.321,0.679,20
Skewed-80/20,OPT,5,17,1000,185,815,0.185,0.815,20
Skewed-80/20,FIFO,6,17,1000,315,685,0.315,0.685,20
Skewed-80/20,LRU,6,17,1000,242,758,0.242,0.758,20
Skewed-80/20,OPT,6,17,1000,152,848,0.152,0.848,20
Skewed-80/20,FIFO,7,17,1000,280,720,0.28,0.72,20
Skewed-80/20,LRU,7,17,1000,198,802,0.198,0.802,20
Skewed-80/20,OPT,7,17,1000,126,874,0.126,0.874,20
Skewed-80/20,FIFO,8,17,1000,250,750,0.25,0.75,20
Skewed-80/20,LRU,8,17,1000,169,831,0.169,0.831,20
Skewed-80/20,OPT,8,17,1000,109,891,0.109,0.891,20
Skewed-80/20,FIFO,10,17,1000,195,805,0.195,0.805,20
Skewed-80/20,LRU,10,17,1000,134,866,0.134,0.866,20
Skewed-80/20,OPT,10,17,1000,83,917,0.083,0.917,20
Skewed-80/20,FIFO,12,17,1000,135,865,0.135,0.865,20
Skewed-80/20,LRU,12,17,1000,115,885,0.115,0.885,20
Skewed-80/20,OPT,12,17,1000,64,936,0.064,0.936,20
Skewed-80/20,FIFO,3,18,1000,533,467,0.533,0.467,20
Skewed-80/20,LRU,3,18,1000,515,485,0.515,0.485,20
Skewed-80/20,OPT,3,18,1000,346,654,0.346,0.654,20
Skewed-80/20,FIFO,4,18,1000,429,571,0.429,0.571,20
Skewed-80/20,LRU,4,18,1000,384,616,0.384,0.616,20
Skewed-80/20,OPT,4,18,1000,236,764,0.236,0.764,20
Skewed-80/20,FIFO,5,18,1000,361,639,0.361,0.639,20
Skewed-80/20,LRU,5,18,1000,289,711,0.289,0.711,20
Skewed-80/20,OPT,5,18,1000,173,827,0.173,0.827,20
Skewed-80/20,FIFO,6,18,1000,302,698,0.302,0.698,20
Skewed-80/20,LRU,6,18,1000,228,772,0.228,0.772,20
Skewed-80/20,OPT,6,18,1000,142,858,0.142,0.858,20
Skewed-80/20,FIFO,7,18,1000,267,733,0.267,0.733,20
Skewed-80/20,LRU,7,18,1000,184,816,0.184,0.816,20
Skewed-80/20,OPT,7,18,1000,119,881,0.119,0.881,20
Skewed-80/20,FIFO,8,18,1000,235,765,0.235,0.765,20
Skewed-80/20,LRU,8,18,1000,157,843,0.157,0.843,20
Skewed-80/20,OPT,8,18,1000,101,899,0.101,0.899,20
Skewed-80/20,FIFO,10,18,1000,174,826,0.174,0.826,20
Skewed-80/20,LRU,10,18,1000,130,870,0.13,0.87,20
Skewed-80/20,OPT,10,18,1000,74,926,0.074,0.926,20
Skewed-80/20,FIFO,12,18,1000,132,868,0.132,0.868,20
Skewed-80/20,LRU,12,18,1000,99,901,0.099,0.901,20
Skewed-80/20,OPT,12,18,1000,56,944,0.056,0.944,20
Skewed-80/20,FIFO,3,19,1000,526,474,0.526,0.474,20
Skewed-80/20,LRU,3,19,1000,498,502,0.498,0.502,20
Skewed-80/20,OPT,3,19,1000,330,670,0.33,0.67,20
Skewed-80/20,FIFO,4,19,1000,440,560,0.44,0.56,20
Skewed-80/20,LRU,4,19,1000,376,624,0.376,0.624,20
Skewed-80/20,OPT,4,19,1000,228,772,0.228,0.772,20
Skewed-80/20,FIFO,5,19,1000,351,649,0.351,0.649,20
Skewed-80/20,LRU,5,19,1000,282,718,0.282,0.718,20
Skewed-80/20,OPT,5,19,1000,165,835,0.165,0.835,20
Skewed-80/20,FIFO,6,19,1000,285,715,0.285,0.715,20
Skewed-80/20,LRU,6,19,1000,213,787,0.213,0.787,20
Skewed-80/20,OPT,6,19,1000,138,862,0.138,0.862,20
Skewed-80/20,FIFO,7,19,1000,250,750,0.25,0.75,20
Skewed-80/20,LRU,7,19,1000,177,823,0.177,0.823,20
Skewed-80/20,OPT,7,19,1000,116,884,0.116,0.884,20
Skewed-80/20,FIFO,8,19,1000,216,784,0.216,0.784,20
Skewed-80/20,LRU,8,19,1000,148,852,0.148,0.852,20
Skewed-80/20,OPT,8,19,1000,101,899,0.101,0.899,20
Skewed-80/20,FIFO,10,19,1000,179,821,0.179,0.821,20
Skewed-80/20,LRU,10,19,1000,124,876,0.124,0.876,20
Skewed-80/20,OPT,10,19,1000,77,923,0.077,0.923,20
Skewed-80/20,FIFO,12,19,1000,132,868,0.132,0.868,20
Skewed-80/20,LRU,12,19,1000,95,905,0.095,0.905,20
Skewed-80/20,OPT,12,19,1000,59,941,0.059,0.941,20
Skewed-80/20,FIFO,3,20,1000,602,398,0.602,0.398,20
Skewed-80/20,LRU,3,20,1000,568,432,0.568,0.432,20
Skewed-80/20,OPT,3,20,1000,380,620,0.38,0.62,20
Skewed-80/20,FIFO,4,20,1000,487,513,0.487,0.513,20
Skewed-80/20,LRU,4,20,1000,441,559,0.441,0.559,20
Skewed-80/20,OPT,4,20,1000,268,732,0.268,0.732,20
Skewed-80/20,FIFO,5,20,1000,404,596,0.404,0.596,20
Skewed-80/20,LRU,5,20,1000,334,666,0.334,0.666,20
Skewed-80/20,OPT,5,20,1000,195,805,0.195,0.805,20
Skewed-80/20,FIFO,6,20,1000,343,657,0.343,0.657,20
Skewed-80/20,LRU,6,20,1000,257,743,0.257,0.743,20
Skewed-80/20,OPT,6,20,1000,157,843,0.157,0.843,20
Skewed-80/20,FIFO,7,20,1000,288,712,0.288,0.712,20
Skewed-80/20,LRU,7,20,1000,200,800,0.2,0.8,20
Skewed-80/20,OPT,7,20,1000,131,869,0.131,0.869,20
Skewed-80/20,FIFO,8,20,1000,259,741,0.259,0.741,20
Skewed-80/20,LRU,8,20,1000,169,831,0.169,0.831,20
Skewed-80/20,OPT,8,20,1000,113,887,0.113,0.887,20
Skewed-80/20,FIFO,10,20,1000,202,798,0.202,0.798,20
Skewed-80/20,LRU,10,20,1000,137,863,0.137,0.863,20
Skewed-80/20,OPT,10,20,1000,85,915,0.085,0.915,20
Skewed-80/20,FIFO,12,20,1000,155,845,0.155,0.845,20
Skewed-80/20,LRU,12,20,1000,109,891,0.109,0.891,20
Skewed-80/20,OPT,12,20,1000,67,933,0.067,0.933,20
Skewed-80/20,FIFO,3,21,1000,530,470,0.53,0.47,20
Skewed-80/20,LRU,3,21,1000,523,477,0.523,0.477,20
Skewed-80/20,OPT,3,21,1000,347,653,0.347,0.653,20
Skewed-80/20,FIFO,4,21,1000,431,569,0.431,0.569,20
Skewed-80/20,LRU,4,21,1000,398,602,0.398,0.602,20
Skewed-80/20,OPT,4,21,1000,246,754,0.246,0.754,20
Skewed-80/20,FIFO,5,21,1000,375,625,0.375,0.625,20
Skewed-80/20,LRU,5,21,1000,289,711,0.289,0.711,20
Skewed-80/20,OPT,5,21,1000,176,824,0.176,0.824,20
Skewed-80/20,FIFO,6,21,1000,310,690,0.31,0.69,20
Skewed-80/20,LRU,6,21,1000,226,774,0.226,0.774,20
Skewed-80/20,OPT,6,21,1000,140,860,0.14,0.86,20
Skewed-80/20,FIFO,7,21,1000,271,729,0.271,0.729,20
Skewed-80/20,LRU,7,21,1000,186,814,0.186,0.814,20
Skewed-80/20,OPT,7,21,1000,119,881,0.119,0.881,20
Skewed-80/20,FIFO,8,21,1000,232,768,0.232,0.768,20
Skewed-80/20,LRU,8,21,1000,167,833,0.167,0.833,20
Skewed-80/20,OPT,8,21,1000,102,898,0.102,0.898,20
Skewed-80/20,FIFO,10,21,1000,181,819,0.181,0.819,20
Skewed-80/20,LRU,10,21,1000,127,873,0.127,0.873,20
Skewed-80/20,OPT,10,21,1000,74,926,0.074,0.926,20
Skewed-80/20,FIFO,12,21,1000,131,869,0.131,0.869,20
Skewed-80/20,LRU,12,21,1000,102,898,0.102,0.898,20
Skewed-80/20,OPT,12,21,1000,56,944,0.056,0.944,20
Skewed-80/20,FIFO,3,22,1000,579,421,0.579,0.421,20
Skewed-80/20,LRU,3,22,1000,542,458,0.542,0.458,20
Skewed-80/20,OPT,3,22,1000,380,620,0.38,0.62,20
Skewed-80/20,FIFO,4,22,1000,482,518,0.482,0.518,20
Skewed-80/20,LRU,4,22,1000,424,576,0.424,0.576,20
Skewed-80/20,OPT,4,22,1000,274,726,0.274,0.726,20
Skewed-80/20,FIFO,5,22,1000,401,599,0.401,0.599,20
Skewed-80/20,LRU,5,22,1000,337,663,0.337,0.663,20
Skewed-80/20,OPT,5,22,1000,199,801,0.199,0.801,20
Skewed-80/20,FIFO,6,22,1000,353,647,0.353,0.647,20
Skewed-80/20,LRU,6,22,1000,266,734,0.266,0.734,20
Skewed-80/20,OPT,6,22,1000,162,838,0.162,0.838,20
Skewed-80/20,FIFO,7,22,1000,310,690,0.31,0.69,20
Skewed-80/20,LRU,7,22,1000,216,784,0.216,0.784,20
Skewed-80/20,OPT,7,22,1000,135,865,0.135,0.865,20
Skewed-80/20,FIFO,8,22,1000,267,733,0.267,0.733,20
Skewed-80/20,LRU,8,22,1000,186,814,0.186,0.814,20
Skewed-80/20,OPT,8,22,1000,117,883,0.117,0.883,20
Skewed-80/20,FIFO,10,22,1000,213,787,0.213,0.787,20
Skewed-80/20,LRU,10,22,1000,139,861,0.139,0.861,20
Skewed-80/20,OPT,10,22,1000,86,914,0.086,0.914,20
Skewed-80/20,FIFO,12,22,1000,149,851,0.149,0.851,20
Skewed-80/20,LRU,12,22,1000,116,884,0.116,0.884,20
Skewed-80/20,OPT,12,22,1000,65,935,0.065,0.935,20
Skewed-80/20,FIFO,3,23,1000,553,447,0.553,0.447,20
Skewed-80/20,LRU,3,23,1000,513,487,0.513,0.487,20
Skewed-80/20,OPT,3,23,1000,352,648,0.352,0.648,20
Skewed-80/20,FIFO,4,23,1000,450,550,0.45,0.55,20
Skewed-80/20,LRU,4,23,1000,392,608,0.392,0.608,20
Skewed-80/20,OPT,4,23,1000,245,755,0.245,0.755,20
Skewed-80/20,FIFO,5,23,1000,368,632,0.368,0.632,20
Skewed-80/20,LRU,5,23,1000,299,701,0.299,0.701,20
Skewed-80/20,OPT,5,23,1000,175,825,0.175,0.825,20
Skewed-80/20,FIFO,6,23,1000,304,696,0.304,0.696,20
Skewed-80/20,LRU,6,23,1000,226,774,0.226,0.774,20
Skewed-80/20,OPT,6,23,1000,138,862,0.138,0.862,20
Skewed-80/20,FIFO,7,23,1000,249,751,0.249,0.751,20
Skewed-80/20,LRU,7,23,1000,177,823,0.177,0.823,20
Skewed-80/20,OPT,7,23,1000,115,885,0.115,0.885,20
Skewed-80/20,FIFO,8,23,1000,222,778,0.222,0.778,20
Skewed-80/20,LRU,8,23,1000,152,848,0.152,0.848,20
Skewed-80/20,OPT,8,23,1000,100,900,0.1,0.9,20
Skewed-80/20,FIFO,10,23,1000,182,818,0.182,0.818,20
Skewed-80/20,LRU,10,23,1000,119,881,0.119,0.881,20
Skewed-80/20,OPT,10,23,1000,76,924,0.076,0.924,20
Skewed-80/20,FIFO,12,23,1000,143,857,0.143,0.857,20
Skewed-80/20,LRU,12,23,1000,102,898,0.102,0.898,20
Skewed-80/20,OPT,12,23,1000,56,944,0.056,0.944,20
Skewed-80/20,FIFO,3,24,1000,561,439,0.561,0.439,20
Skewed-80/20,LRU,3,24,1000,544,456,0.544,0.456,20
Skewed-80/20,OPT,3,24,1000,359,641,0.359,0.641,20
Skewed-80/20,FIFO,4,24,1000,457,543,0.457,0.543,20
Skewed-80/20,LRU,4,24,1000,415,585,0.415,0.585,20
Skewed-80/20,OPT,4,24,1000,262,738,0.262,0.738,20
Skewed-80/20,FIFO,5,24,1000,392,608,0.392,0.608,20
Skewed-80/20,LRU,5,24,1000,329,671,0.329,0.671,20
Skewed-80/20,OPT,5,24,1000,196,804,0.196,0.804,20
Skewed-80/20,FIFO,6,24,1000,337,663,0.337,0.663,20
Skewed-80/20,LRU,6,24,1000,260,740,0.26,0.74,20
Skewed-80/20,OPT,6,24,1000,157,843,0.157,0.843,20
Skewed-80/20,FIFO,7,24,1000,282,718,0.282,0.718,20
Skewed-80/20,LRU,7,24,1000,215,785,0.215,0.785,20
Skewed-80/20,OPT,7,24,1000,131,869,0.131,0.869,20
Skewed-80/20,FIFO,8,24,1000,252,748,0.252,0.748,20
Skewed-80/20,LRU,8,24,1000,181,819,0.181,0.819,20
Skewed-80/20,OPT,8,24,1000,114,886,0.114,0.886,20
Skewed-80/20,FIFO,10,24,1000,196,804,0.196,0.804,20
Skewed-80/20,LRU,10,24,1000,139,861,0.139,0.861,20
Skewed-80/20,OPT,10,24,1000,84,916,0.084,0.916,20
Skewed-80/20,FIFO,12,24,1000,156,844,0.156,0.844,20
Skewed-80/20,LRU,12,24,1000,117,883,0.117,0.883,20
Skewed-80/20,OPT,12,24,1000,65,935,0.065,0.935,20
Skewed-80/20,FIFO,3,25,1000,594,406,0.594,0.406,20
Skewed-80/20,LRU,3,25,1000,567,433,0.567,0.433,20
Skewed-80/20,OPT,3,25,1000,371,629,0.371,0.629,20
Skewed-80/20,FIFO,4,25,1000,461,539,0.461,0.539,20
Skewed-80/20,LRU,4,25,1000,438,562,0.438,0.562,20
Skewed-80/20,OPT,4,25,1000,261,739,0.261,0.739,20
Skewed-80/20,FIFO,5,25,1000,384,616,0.384,0.616,20
Skewed-80/20,LRU,5,25,1000,314,686,0.314,0.686,20
Skewed-80/20,OPT,5,25,1000,191,809,0.191,0.809,20
Skewed-80/20,FIFO,6,25,1000,337,663,0.337,0.663,20
Skewed-80/20,LRU,6,25,1000,253,747,0.253,0.747,20
Skewed-80/20,OPT,6,25,1000,155,845,0.155,0.845,20
Skewed-80/20,FIFO,7,25,1000,291,709,0.291,0.709,20
Skewed-80/20,LRU,7,25,1000,207,793,0.207,0.793,20
Skewed-80/20,OPT,7,25,1000,131,869,0.131,0.869,20
Skewed-80/20,FIFO,8,25,1000,262,738,0.262,0.738,20
Skewed-80/20,LRU,8,25,1000,177,823,0.177,0.823,20
Skewed-80/20,OPT,8,25,1000,112,888,0.112,0.888,20
Skewed-80/20,FIFO,10,25,1000,193,807,0.193,0.807,20
Skewed-80/20,LRU,10,25,1000,145,855,0.145,0.855,20
Skewed-80/20,OPT,10,25,1000,80,920,0.08,0.92,20
Skewed-80/20,FIFO,12,25,1000,145,855,0.145,0.855,20
Skewed-80/20,LRU,12,25,1000,104,896,0.104,0.896,20
Skewed-80/20,OPT,12,25,1000,62,938,0.062,0.938,20
Skewed-80/20,FIFO,3,26,1000,558,442,0.558,0.442,20
Skewed-80/20,LRU,3,26,1000,534,466,0.534,0.466,20
Skewed-80/20,OPT,3,26,1000,355,645,0.355,0.645,20
Skewed-80/20,FIFO,4,26,1000,456,544,0.456,0.544,20
Skewed-80/20,LRU,4,26,1000,417,583,0.417,0.583,20
Skewed-80/20,OPT,4,26,1000,255,745,0.255,0.745,20
Skewed-80/20,FIFO,5,26,1000,394,606,0.394,0.606,20
Skewed-80/20,LRU,5,26,1000,335,665,0.335,0.665,20
Skewed-80/20,OPT,5,26,1000,190,810,0.19,0.81,20
Skewed-80/20,FIFO,6,26,1000,323,677,0.323,0.677,20
Skewed-80/20,LRU,6,26,1000,247,753,0.247,0.753,20
Skewed-80/20,OPT,6,26,1000,153,847,0.153,0.847,20
Skewed-80/20,FIFO,7,26,1000,283,717,0.283,0.717,20
Skewed-80/20,LRU,7,26,1000,203,797,0.203,0.797,20
Skewed-80/20,OPT,7,26,1000,126,874,0.126,0.874,20
Skewed-80/20,FIFO,8,26,1000,239,761,0.239,0.761,20
Skewed-80/20,LRU,8,26,1000,172,828,0.172,0.828,20
Skewed-80/20,OPT,8,26,1000,106,894,0.106,0.894,20
Skewed-80/20,FIFO,10,26,1000,179,821,0.179,0.821,20
Skewed-80/20,LRU,10,26,1000,132,868,0.132,0.868,20
Skewed-80/20,OPT,10,26,1000,78,922,0.078,0.922,20
Skewed-80/20,FIFO,12,26,1000,150,850,0.15,0.85,20
Skewed-80/20,LRU,12,26,1000,101,899,0.101,0.899,20
Skewed-80/20,OPT,12,26,1000,58,942,0.058,0.942,20
Skewed-80/20,FIFO,3,27,1000,529,471,0.529,0.471,20
Skewed-80/20,LRU,3,27,1000,500,500,0.5,0.5,20
Skewed-80/20,OPT,3,27,1000,334,666,0.334,0.666,20
Skewed-80/20,FIFO,4,27,1000,442,558,0.442,0.558,20
Skewed-80/20,LRU,4,27,1000,366,634,0.366,0.634,20
Skewed-80/20,OPT,4,27,1000,235,765,0.235,0.765,20
Skewed-80/20,FIFO,5,27,1000,358,642,0.358,0.642,20
Skewed-80/20,LRU,5,27,1000,271,729,0.271,0.729,20
Skewed-80/20,OPT,5,27,1000,172,828,0.172,0.828,20
Skewed-80/20,FIFO,6,27,1000,308,692,0.308,0.692,20
Skewed-80/20,LRU,6,27,1000,214,786,0.214,0.786,20
Skewed-80/20,OPT,6,27,1000,137,863,0.137,0.863,20
Skewed-80/20,FIFO,7,27,1000,262,738,0.262,0.738,20
Skewed-80/20,LRU,7,27,1000,179,821,0.179,0.821,20
Skewed-80/20,OPT,7,27,1000,115,885,0.115,0.885,20
Skewed-80/20,FIFO,8,27,1000,224,776,0.224,0.776,20
Skewed-80/20,LRU,8,27,1000,157,843,0.157,0.843,20
Skewed-80/20,OPT,8,27,1000,98,902,0.098,0.902,20
Skewed-80/20,FIFO,10,27,1000,171,829,0.171,0.829,20
Skewed-80/20,LRU,10,27,1000,125,875,0.125,0.875,20
Skewed-80/20,OPT,10,27,1000,71,929,0.071,0.929,20
Skewed-80/20,FIFO,12,27,1000,130,870,0.13,0.87,20
Skewed-80/20,LRU,12,27,1000,92,908,0.092,0.908,20
Skewed-80/20,OPT,12,27,1000,53,947,0.053,0.947,20
Skewed-80/20,FIFO,3,28,1000,588,412,0.588,0.412,20
Skewed-80/20,LRU,3,28,1000,566,434,0.566,0.434,20
Skewed-80/20,OPT,3,28,1000,379,621,0.379,0.621,20
Skewed-80/20,FIFO,4,28,1000,486,514,0.486,0.514,20
Skewed-80/20,LRU,4,28,1000,451,549,0.451,0.549,20
Skewed-80/20,OPT,4,28,1000,275,725,0.275,0.725,20
Skewed-80/20,FIFO,5,28,1000,409,591,0.409,0.591,20
Skewed-80/20,LRU,5,28,1000,341,659,0.341,0.659,20
Skewed-80/20,OPT,5,28,1000,206,794,0.206,0.794,20
Skewed-80/20,FIFO,6,28,1000,354,646,0.354,0.646,20
Skewed-80/20,LRU,6,28,1000,268,732,0.268,0.732,20
Skewed-80/20,OPT,6,28,1000,166,834,0.166,0.834,20
Skewed-80/20,FIFO,7,28,1000,306,694,0.306,0.694,20
Skewed-80/20,LRU,7,28,1000,222,778,0.222,0.778,20
Skewed-80/20,OPT,7,28,1000,142,858,0.142,0.858,20
Skewed-80/20,FIFO,8,28,1000,270,730,0.27,0.73,20
Skewed-80/20,LRU,8,28,1000,195,805,0.195,0.805,20
Skewed-80/20,OPT,8,28,1000,125,875,0.125,0.875,20
Skewed-80/20,FIFO,10,28,1000,213,787,0.213,0.787,20
Skewed-80/20,LRU,10,28,1000,160,840,0.16,0.84,20
Skewed-80/20,OPT,10,28,1000,95,905,0.095,0.905,20
Skewed-80/20,FIFO,12,28,1000,176,824,0.176,0.824,20
Skewed-80/20,LRU,12,28,1000,124,876,0.124,0.876,20
Skewed-80/20,OPT,12,28,1000,70,930,0.07,0.93,20
Skewed-80/20,FIFO,3,29,1000,559,441,0.559,0.441,20
Skewed-80/20,LRU,3,29,1000,551,449,0.551,0.449,20
Skewed-80/20,OPT,3,29,1000,365,635,0.365,0.635,20
Skewed-80/20,FIFO,4,29,1000,476,524,0.476,0.524,20
Skewed-80/20,LRU,4,29,1000,424,576,0.424,0.576,20
Skewed-80/20,OPT,4,29,1000,265,735,0.265,0.735,20
Skewed-80/20,FIFO,5,29,1000,398,602,0.398,0.602,20
Skewed-80/20,LRU,5,29,1000,326,674,0.326,0.674,20
Skewed-80/20,OPT,5,29,1000,202,798,0.202,0.798,20
Skewed-80/20,FIFO,6,29,1000,349,651,0.349,0.651,20
Skewed-80/20,LRU,6,29,1000,260,740,0.26,0.74,20
Skewed-80/20,OPT,6,29,1000,166,834,0.166,0.834,20
Skewed-80/20,FIFO,7,29,1000,296,704,0.296,0.704,20
Skewed-80/20,LRU,7,29,1000,219,781,0.219,0.781,20
Skewed-80/20,OPT,7,29,1000,141,859,0.141,0.859,20
Skewed-80/20,FIFO,8,29,1000,269,731,0.269,0.731,20
Skewed-80/20,LRU,8,29,1000,193,807,0.193,0.807,20
Skewed-80/20,OPT,8,29,1000,121,879,0.121,0.879,20
Skewed-80/20,FIFO,10,29,1000,220,780,0.22,0.78,20
Skewed-80/20,LRU,10,29,1000,159,841,0.159,0.841,20
Skewed-80/20,OPT,10,29,1000,91,909,0.091,0.909,20
Skewed-80/20,FIFO,12,29,1000,160,840,0.16,0.84,20
Skewed-80/20,LRU,12,29,1000,123,877,0.123,0.877,20
Skewed-80/20,OPT,12,29,1000,69,931,0.069,0.931,20
Skewed-80/20,FIFO,3,30,1000,572,428,0.572,0.428,20
Skewed-80/20,LRU,3,30,1000,561,439,0.561,0.439,20
Skewed-80/20,OPT,3,30,1000,366,634,0.366,0.634,20
Skewed-80/20,FIFO,4,30,1000,459,541,0.459,0.541,20
Skewed-80/20,LRU,4,30,1000,438,562,0.438,0.562,20
Skewed-80/20,OPT,4,30,1000,257,743,0.257,0.743,20
Skewed-80/20,FIFO,5,30,1000,379,621,0.379,0.621,20
Skewed-80/20,LRU,5,30,1000,323,677,0.323,0.677,20
Skewed-80/20,OPT,5,30,1000,189,811,0.189,0.811,20
Skewed-80/20,FIFO,6,30,1000,325,675,0.325,0.675,20
Skewed-80/20,LRU,6,30,1000,240,760,0.24,0.76,20
Skewed-80/20,OPT,6,30,1000,149,851,0.149,0.851,20
Skewed-80/20,FIFO,7,30,1000,281,719,0.281,0.719,20
Skewed-80/20,LRU,7,30,1000,192,808,0.192,0.808,20
Skewed-80/20,OPT,7,30,1000,124,876,0.124,0.876,20
Skewed-80/20,FIFO,8,30,1000,249,751,0.249,0.751,20
Skewed-80/20,LRU,8,30,1000,163,837,0.163,0.837,20
Skewed-80/20,OPT,8,30,1000,104,896,0.104,0.896,20
Skewed-80/20,FIFO,10,30,1000,189,811,0.189,0.811,20
Skewed-80/20,LRU,10,30,1000,130,870,0.13,0.87,20
Skewed-80/20,OPT,10,30,1000,76,924,0.076,0.924,20
Skewed-80/20,FIFO,12,30,1000,128,872,0.128,0.872,20
Skewed-80/20,LRU,12,30,1000,101,899,0.101,0.899,20
Skewed-80/20,OPT,12,30,1000,58,942,0.058,0.942,20
